train_no,station_name,station_index,arrival_time,departure_time,delay_minutes,journey_date,actual_date,is_mid_route,day_of_week
12419,Lucknow Nr,1,ORIGIN,07:34,109,2026-06-09,2026-06-09,0,Tuesday
12419,Unnao Jn,2,08:44,08:46,119,2026-06-09,2026-06-09,0,Tuesday
12419,Kanpur Central,3,09:31,09:36,121,2026-06-09,2026-06-09,0,Tuesday
12419,Panki Dham,4,09:54,09:55,119,2026-06-09,2026-06-09,0,Tuesday
12419,Rura,5,10:16,10:20,120,2026-06-09,2026-06-09,0,Tuesday
12419,Jhinjhak,6,10:30,10:31,116,2026-06-09,2026-06-09,0,Tuesday
12419,Phaphund,7,10:49,10:54,124,2026-06-09,2026-06-09,0,Tuesday
12419,Bharthana,8,11:18,11:26,131,2026-06-09,2026-06-09,0,Tuesday
12419,Etawah Jn,9,11:42,11:44,129,2026-06-09,2026-06-09,0,Tuesday
12419,Shikohabad Jn,10,12:18,12:20,132,2026-06-09,2026-06-09,0,Tuesday
12419,Firozabad,11,12:39,12:41,134,2026-06-09,2026-06-09,0,Tuesday
12419,Tundla Jn,12,12:58,13:05,120,2026-06-09,2026-06-09,0,Tuesday
12419,Hathras Jn,13,13:33,13:35,110,2026-06-09,2026-06-09,0,Tuesday
12419,Aligarh Jn,14,14:00,14:05,115,2026-06-09,2026-06-09,0,Tuesday
12419,Khurja Jn,15,14:37,14:41,121,2026-06-09,2026-06-09,0,Tuesday
12419,Ghaziabad,16,15:58,16:04,109,2026-06-09,2026-06-09,0,Tuesday
12419,New Delhi,17,16:43,TERMINATED,103,2026-06-09,2026-06-09,0,Tuesday
12429,Lucknow Nr,1,ORIGIN,23:35,5,2026-06-09,2026-06-09,0,Tuesday
12429,Shahjehanpur,2,01:55,01:59,0,2026-06-09,2026-06-10,0,Tuesday
12429,Bareilly,3,03:16,03:20,24,2026-06-09,2026-06-10,0,Tuesday
12429,Moradabad,4,04:40,04:45,10,2026-06-09,2026-06-10,0,Tuesday
12429,Ghaziabad,5,06:49,06:52,5,2026-06-09,2026-06-10,0,Tuesday
12429,New Delhi,6,07:28,TERMINATED,0,2026-06-09,2026-06-10,0,Tuesday
12231,Lucknow Nr,1,ORIGIN,22:35,10,2026-06-09,2026-06-09,0,Tuesday
12231,Hardoi,2,00:10,00:12,8,2026-06-09,2026-06-10,0,Tuesday
12231,Shahjehanpur,3,01:16,01:18,14,2026-06-09,2026-06-10,0,Tuesday
12231,Bareilly,4,02:31,02:36,27,2026-06-09,2026-06-10,0,Tuesday
12231,Moradabad,5,04:10,04:20,20,2026-06-09,2026-06-10,0,Tuesday
12231,Seohara,6,05:03,05:07,26,2026-06-09,2026-06-10,0,Tuesday
12231,Dhampur,7,06:01,06:03,68,2026-06-09,2026-06-10,0,Tuesday
12231,Nagina,8,06:19,06:25,73,2026-06-09,2026-06-10,0,Tuesday
12231,Najibabad Jn,9,06:42,06:46,74,2026-06-09,2026-06-10,0,Tuesday
12231,Laksar Jn,10,07:20,07:28,85,2026-06-09,2026-06-10,0,Tuesday
12231,Roorkee,11,07:43,07:45,83,2026-06-09,2026-06-10,0,Tuesday
12231,Saharanpur,12,08:22,08:32,42,2026-06-09,2026-06-10,0,Tuesday
12231,Yamunanagar Jud,13,08:58,09:00,42,2026-06-09,2026-06-10,0,Tuesday
12231,Jagadhri Wshop,14,09:10,09:14,48,2026-06-09,2026-06-10,0,Tuesday
12231,Ambala Cant Jn,15,10:03,10:11,51,2026-06-09,2026-06-10,0,Tuesday
12231,Chandigarh,16,10:51,TERMINATED,46,2026-06-09,2026-06-10,0,Tuesday
14203,Varanasi Jn,1,ORIGIN,17:59,9,2026-06-09,2026-06-09,1,Tuesday
14203,Bhadohi,2,18:34,18:36,9,2026-06-09,2026-06-09,1,Tuesday
14203,Suriawan,3,18:49,18:50,9,2026-06-09,2026-06-09,1,Tuesday
14203,Janghai Jn,4,19:34,19:36,39,2026-06-09,2026-06-09,1,Tuesday
14203,Badshahpur,5,19:45,19:46,32,2026-06-09,2026-06-09,1,Tuesday
14203,Maa Barahi Devi Dham Dandupur,6,20:09,20:10,39,2026-06-09,2026-06-09,1,Tuesday
14203,MA BELHADEVI DP,7,20:39,20:41,55,2026-06-09,2026-06-09,1,Tuesday
14203,Amethi,8,21:13,21:15,59,2026-06-09,2026-06-09,1,Tuesday
14203,Gauriganj,9,21:35,21:54,84,2026-06-09,2026-06-09,1,Tuesday
14203,JAIS CITY,10,22:10,22:11,87,2026-06-09,2026-06-09,1,Tuesday
14203,Rae Bareli Jn,11,22:52,23:16,124,2026-06-09,2026-06-09,1,Tuesday
14203,Harchandpur,12,00:08,00:09,162,2026-06-09,2026-06-10,1,Tuesday
14203,Kuneanganj,13,00:14,00:14,162,2026-06-09,2026-06-10,1,Tuesday
14203,Bachhrawan,14,,,202,2026-06-09,2026-06-10,1,Tuesday
14203,Lucknow Nr,15,,TERMINATED,195,2026-06-09,2026-06-10,1,Tuesday
14210,Lucknow Nr,1,ORIGIN,08:10,35,2026-06-09,2026-06-09,0,Tuesday
14210,Nigohan,2,08:46,08:47,31,2026-06-09,2026-06-09,0,Tuesday
14210,Bachhrawan,3,08:56,08:58,30,2026-06-09,2026-06-09,0,Tuesday
14210,Harchandpur,4,09:20,09:21,38,2026-06-09,2026-06-09,0,Tuesday
14210,Rae Bareli Jn,5,09:35,09:40,37,2026-06-09,2026-06-09,0,Tuesday
14210,Unchahar Jn,6,10:22,10:23,40,2026-06-09,2026-06-09,0,Tuesday
14210,Garhi Manikpur,7,10:43,10:44,42,2026-06-09,2026-06-09,0,Tuesday
14210,Kunda Harnamgnj,8,10:55,10:56,42,2026-06-09,2026-06-09,0,Tuesday
14210,Lalgopalganj,9,11:09,11:10,41,2026-06-09,2026-06-09,0,Tuesday
14210,Prayag,10,12:04,12:07,47,2026-06-09,2026-06-09,0,Tuesday
14210,Prayagrajsangam,11,12:19,TERMINATED,34,2026-06-09,2026-06-09,0,Tuesday
14216,Lucknow Nr,1,ORIGIN,18:15,0,2026-06-09,2026-06-09,0,Tuesday
14216,Bachhrawan,2,19:02,19:04,0,2026-06-09,2026-06-09,0,Tuesday
14216,Rae Bareli Jn,3,19:19,19:36,1,2026-06-09,2026-06-09,0,Tuesday
14216,Lachhmanpur,4,19:56,20:08,9,2026-06-09,2026-06-09,0,Tuesday
14216,Unchahar Jn,5,20:28,20:30,12,2026-06-09,2026-06-09,0,Tuesday
14216,Pariawan K.k.rd,6,20:56,20:57,25,2026-06-09,2026-06-09,0,Tuesday
14216,Garhi Manikpur,7,21:05,21:06,24,2026-06-09,2026-06-09,0,Tuesday
14216,Kunda Harnamgnj,8,21:18,21:21,27,2026-06-09,2026-06-09,0,Tuesday
14216,Lalgopalganj,9,21:33,21:34,25,2026-06-09,2026-06-09,0,Tuesday
14216,Phaphamau Jn,10,22:14,22:15,25,2026-06-09,2026-06-09,0,Tuesday
14216,Prayag,11,22:34,22:41,36,2026-06-09,2026-06-09,0,Tuesday
14216,Prayagrajsangam,12,23:04,TERMINATED,39,2026-06-09,2026-06-09,0,Tuesday
14262,Lucknow Nr,1,ORIGIN,00:46,51,2026-06-09,2026-06-09,0,Tuesday
14262,Sultanpur,2,02:43,02:48,38,2026-06-09,2026-06-10,0,Tuesday
14262,Jaunpur City,3,03:54,03:56,31,2026-06-09,2026-06-10,0,Tuesday
14262,Varanasi Jn,4,05:03,05:40,0,2026-06-09,2026-06-10,0,Tuesday
14262,Dd Upadhyaya Jn,5,07:10,07:27,2,2026-06-09,2026-06-10,0,Tuesday
14262,Bhabua Road,6,08:17,08:20,12,2026-06-09,2026-06-10,0,Tuesday
14262,Sasaram,7,09:20,09:23,41,2026-06-09,2026-06-10,0,Tuesday
14262,Dehri On Sone,8,09:37,09:39,39,2026-06-09,2026-06-10,0,Tuesday
14262,Anugraha N Road,9,09:56,09:58,41,2026-06-09,2026-06-10,0,Tuesday
14262,Gaya Jn,10,10:57,TERMINATED,12,2026-06-09,2026-06-10,0,Tuesday
19402,Lucknow Nr,1,ORIGIN,22:57,7,2026-06-09,2026-06-09,0,Tuesday
19402,Unnao Jn,2,23:59,00:04,16,2026-06-09,2026-06-09,0,Tuesday
19402,Kanpur Central,3,00:29,00:37,2,2026-06-09,2026-06-10,0,Tuesday
19402,Kanpur Anwrganj,4,00:45,00:54,2,2026-06-09,2026-06-10,0,Tuesday
19402,Kannauj,5,01:55,01:59,4,2026-06-09,2026-06-10,0,Tuesday
19402,Farrukhabad,6,02:55,03:03,3,2026-06-09,2026-06-10,0,Tuesday
19402,Kasganj,7,04:53,05:03,18,2026-06-09,2026-06-10,0,Tuesday
19402,Hathras City,8,06:00,06:02,15,2026-06-09,2026-06-10,0,Tuesday
19402,Mathura Cant,9,06:33,06:59,9,2026-06-09,2026-06-10,0,Tuesday
19402,Mathura Jn,10,07:51,08:01,41,2026-06-09,2026-06-10,0,Tuesday
19402,Bharatpur Jn,11,09:00,09:08,18,2026-06-09,2026-06-10,0,Tuesday
19402,Bandikui Jn,12,10:44,11:23,1,2026-06-09,2026-06-10,0,Tuesday
19402,Gandhinagar Jpr,13,12:36,12:40,17,2026-06-09,2026-06-10,0,Tuesday
19402,Jaipur,14,12:54,13:07,2,2026-06-09,2026-06-10,0,Tuesday
19402,Phulera Jn,15,13:56,14:01,14,2026-06-09,2026-06-10,0,Tuesday
19402,Kishangarh,16,14:37,14:39,11,2026-06-09,2026-06-10,0,Tuesday
19402,Ajmer Jn,17,15:06,15:23,8,2026-06-09,2026-06-10,0,Tuesday
19402,Beawar,18,16:17,16:19,21,2026-06-09,2026-06-10,0,Tuesday
19402,Marwar Jn,19,17:23,17:31,21,2026-06-09,2026-06-10,0,Tuesday
19402,Rani,20,18:08,18:11,27,2026-06-09,2026-06-10,0,Tuesday
19402,Falna,21,18:21,18:26,26,2026-06-09,2026-06-10,0,Tuesday
19402,Pindwara,22,19:02,19:04,26,2026-06-09,2026-06-10,0,Tuesday
19402,Abu Road,23,19:47,19:57,12,2026-06-09,2026-06-10,0,Tuesday
19402,Palanpur Jn,24,20:40,20:47,0,2026-06-09,2026-06-10,0,Tuesday
19402,Mahesana Jn,25,21:34,21:42,0,2026-06-09,2026-06-10,0,Tuesday
19402,Sabarmati Bg,26,23:34,TERMINATED,29,2026-06-09,2026-06-10,0,Tuesday
20402,Lucknow Nr,1,ORIGIN,19:06,66,2026-06-09,2026-06-09,0,Tuesday
20402,Maharaja Bijli Pasi Nihalgarh,2,20:03,20:05,50,2026-06-09,2026-06-09,0,Tuesday
20402,Musafir Khana,3,20:25,20:27,63,2026-06-09,2026-06-09,0,Tuesday
20402,Sultanpur,4,20:51,20:56,66,2026-06-09,2026-06-09,0,Tuesday
20402,Lambhua,5,21:15,21:18,68,2026-06-09,2026-06-09,0,Tuesday
20402,Srikrishn Nagar,6,21:42,21:43,68,2026-06-09,2026-06-09,0,Tuesday
20402,Jaunpur City,7,22:10,22:13,77,2026-06-09,2026-06-09,0,Tuesday
20402,Jalalganj,8,22:40,22:41,78,2026-06-09,2026-06-09,0,Tuesday
20402,Pindra Road,9,22:52,22:53,74,2026-06-09,2026-06-09,0,Tuesday
20402,Shiupur,10,23:08,23:10,60,2026-06-09,2026-06-09,0,Tuesday
20402,Varanasi Jn,11,23:29,TERMINATED,49,2026-06-09,2026-06-09,0,Tuesday
11110,Lucknow Ne,1,ORIGIN,17:22,42,2026-06-09,2026-06-09,0,Tuesday
11110,Unnao Jn,2,18:31,18:38,64,2026-06-09,2026-06-09,0,Tuesday
11110,Kanpur Central,3,19:02,19:14,59,2026-06-09,2026-06-09,0,Tuesday
11110,Govindpuri,4,19:29,19:33,58,2026-06-09,2026-06-09,0,Tuesday
11110,Pokhrayan,5,20:13,20:17,52,2026-06-09,2026-06-09,0,Tuesday
11110,Kalpi,6,20:29,20:30,50,2026-06-09,2026-06-09,0,Tuesday
11110,Orai,7,20:56,21:01,54,2026-06-09,2026-06-09,0,Tuesday
11110,Ait,8,21:18,21:19,52,2026-06-09,2026-06-09,0,Tuesday
11110,Moth,9,21:45,21:46,54,2026-06-09,2026-06-09,0,Tuesday
11110,Chirgaon,10,22:18,22:21,70,2026-06-09,2026-06-09,0,Tuesday
11110,V Lakshmibai Jhansi Jhs,11,23:00,TERMINATED,25,2026-06-09,2026-06-09,0,Tuesday
12003,Lucknow Ne,1,ORIGIN,15:39,9,2026-06-09,2026-06-09,0,Tuesday
12003,Unnao Jn,2,16:29,16:31,10,2026-06-09,2026-06-09,0,Tuesday
12003,Kanpur Central,3,16:53,17:00,7,2026-06-09,2026-06-09,0,Tuesday
12003,Phaphund,4,18:13,18:16,28,2026-06-09,2026-06-09,0,Tuesday
12003,Etawah Jn,5,18:48,18:52,32,2026-06-09,2026-06-09,0,Tuesday
12003,Tundla Jn,6,19:54,19:57,29,2026-06-09,2026-06-09,0,Tuesday
12003,Aligarh Jn,7,20:42,20:45,28,2026-06-09,2026-06-09,0,Tuesday
12003,Ghaziabad,8,21:55,21:59,19,2026-06-09,2026-06-09,0,Tuesday
12003,New Delhi,9,22:38,TERMINATED,13,2026-06-09,2026-06-09,0,Tuesday
12179,Lucknow Ne,1,ORIGIN,16:02,7,2026-06-09,2026-06-09,0,Tuesday
12179,Unnao Jn,2,16:57,16:58,12,2026-06-09,2026-06-09,0,Tuesday
12179,Kanpur Central,3,17:21,17:31,11,2026-06-09,2026-06-09,0,Tuesday
12179,Panki Dham,4,17:48,17:53,9,2026-06-09,2026-06-09,0,Tuesday
12179,Rura,5,18:13,18:15,10,2026-06-09,2026-06-09,0,Tuesday
12179,Jhinjhak,6,18:30,18:31,12,2026-06-09,2026-06-09,0,Tuesday
12179,Phaphund,7,18:45,18:48,14,2026-06-09,2026-06-09,0,Tuesday
12179,Bharthana,8,19:09,19:11,11,2026-06-09,2026-06-09,0,Tuesday
12179,Etawah Jn,9,19:25,19:27,7,2026-06-09,2026-06-09,0,Tuesday
12179,Shikohabad Jn,10,19:57,19:59,2,2026-06-09,2026-06-09,0,Tuesday
12179,Firozabad,11,20:22,20:24,7,2026-06-09,2026-06-09,0,Tuesday
12179,Tundla Jn,12,20:39,20:51,1,2026-06-09,2026-06-09,0,Tuesday
12179,Yamuna Bdg Agra,13,21:21,21:24,14,2026-06-09,2026-06-09,0,Tuesday
12179,Agra Fort,14,21:34,TERMINATED,0,2026-06-09,2026-06-09,0,Tuesday
12209,Kanpur Central,1,ORIGIN,06:19,14,2026-06-09,2026-06-09,0,Tuesday
12209,Lucknow Ne,2,08:53,09:18,78,2026-06-09,2026-06-09,0,Tuesday
12209,Shahjehanpur,3,12:26,12:28,123,2026-06-09,2026-06-09,0,Tuesday
12209,Bareilly,4,14:02,14:11,164,2026-06-09,2026-06-09,0,Tuesday
12209,Rampur,5,15:30,16:10,180,2026-06-09,2026-06-09,0,Tuesday
12209,BILASPUR ROAD,6,16:31,16:33,181,2026-06-09,2026-06-09,0,Tuesday
12209,Rudrapur City,7,16:50,16:55,187,2026-06-09,2026-06-09,0,Tuesday
12209,Lal Kuan,8,17:22,17:27,172,2026-06-09,2026-06-09,0,Tuesday
12209,Haldwani,9,17:48,17:53,143,2026-06-09,2026-06-09,0,Tuesday
12209,Kathgodam,10,18:04,TERMINATED,134,2026-06-09,2026-06-09,0,Tuesday
12229,Lucknow Nr,1,ORIGIN,22:03,3,2026-06-09,2026-06-09,0,Tuesday
12229,Hardoi,2,23:28,23:40,4,2026-06-09,2026-06-09,0,Tuesday
12229,Shahjehanpur,3,00:34,00:40,4,2026-06-09,2026-06-10,0,Tuesday
12229,Bareilly,4,01:46,01:51,9,2026-06-09,2026-06-10,0,Tuesday
12229,Rampur,5,02:56,02:58,28,2026-06-09,2026-06-10,0,Tuesday
12229,Moradabad,6,03:22,03:33,0,2026-06-09,2026-06-10,0,Tuesday
12229,Hapur,7,05:03,05:08,8,2026-06-09,2026-06-10,0,Tuesday
12229,Ghaziabad,8,05:45,05:59,4,2026-06-09,2026-06-10,0,Tuesday
12229,New Delhi,9,06:57,TERMINATED,2,2026-06-09,2026-06-10,0,Tuesday
12532,Lucknow Ne,1,ORIGIN,16:22,17,2026-06-09,2026-06-09,0,Tuesday
12532,Badshahnagar,2,16:47,16:49,17,2026-06-09,2026-06-09,0,Tuesday
12532,Barabanki Jn,3,17:21,17:23,15,2026-06-09,2026-06-09,0,Tuesday
12532,Colonelganj,4,18:18,18:20,21,2026-06-09,2026-06-09,0,Tuesday
12532,Gonda Jn,5,18:52,18:55,17,2026-06-09,2026-06-09,0,Tuesday
12532,Mankapur Jn,6,19:37,19:39,33,2026-06-09,2026-06-09,0,Tuesday
12532,Babhnan,7,20:01,20:03,31,2026-06-09,2026-06-09,0,Tuesday
12532,Basti,8,20:42,20:44,43,2026-06-09,2026-06-09,0,Tuesday
12532,Khalilabad,9,21:13,21:15,49,2026-06-09,2026-06-09,0,Tuesday
12532,Sahjanwa,10,21:30,21:32,49,2026-06-09,2026-06-09,0,Tuesday
12532,Gorakhpur Jn,11,23:00,TERMINATED,90,2026-06-09,2026-06-09,0,Tuesday
12533,Gomati Nagar,1,ORIGIN,20:48,3,2026-06-09,2026-06-09,0,Tuesday
12533,Badshahnagar,2,20:58,21:04,4,2026-06-09,2026-06-09,0,Tuesday
12533,Aishbagh,3,21:21,21:27,2,2026-06-09,2026-06-09,0,Tuesday
12533,Unnao Jn,4,22:42,22:46,24,2026-06-09,2026-06-09,0,Tuesday
12533,Kanpur Central,5,23:22,23:38,28,2026-06-09,2026-06-09,0,Tuesday
12533,Orai,6,01:01,01:14,35,2026-06-09,2026-06-10,0,Tuesday
12533,V Lakshmibai Jhansi Jhs,7,02:57,03:10,22,2026-06-09,2026-06-10,0,Tuesday
12533,Lalitpur Jn,8,04:09,04:13,11,2026-06-09,2026-06-10,0,Tuesday
12533,Bhopal  Jn,9,06:58,07:15,5,2026-06-09,2026-06-10,0,Tuesday
12533,Rani Kamalapati,10,07:30,07:34,10,2026-06-09,2026-06-10,0,Tuesday
12533,Itarsi Jn,11,09:08,09:18,18,2026-06-09,2026-06-10,0,Tuesday
12533,Khandwa,12,12:32,12:38,43,2026-06-09,2026-06-10,0,Tuesday
12533,Bhusaval Jn,13,14:14,14:28,38,2026-06-09,2026-06-10,0,Tuesday
12533,Manmad Jn,14,16:47,16:56,41,2026-06-09,2026-06-10,0,Tuesday
12533,Nashik Road,15,17:56,18:01,38,2026-06-09,2026-06-10,0,Tuesday
12533,Igatpuri,16,18:50,19:05,38,2026-06-09,2026-06-10,0,Tuesday
12533,Kalyan Jn,17,20:42,20:45,35,2026-06-09,2026-06-10,0,Tuesday
12533,Dadar,18,22:43,22:46,109,2026-06-09,2026-06-10,0,Tuesday
12533,C Shivaji Mah T,19,23:01,TERMINATED,16,2026-06-09,2026-06-10,0,Tuesday
12583,Lucknow Ne,1,ORIGIN,06:35,100,2026-06-09,2026-06-09,0,Tuesday
12583,Bareilly,2,10:33,10:38,139,2026-06-09,2026-06-09,0,Tuesday
12583,Moradabad,3,12:35,12:48,189,2026-06-09,2026-06-09,0,Tuesday
12583,Ghaziabad,4,15:48,15:51,217,2026-06-09,2026-06-09,0,Tuesday
12583,Anand Vihar TRM,5,16:43,TERMINATED,228,2026-06-09,2026-06-09,0,Tuesday
15008,Lucknow Ne,1,ORIGIN,23:15,5,2026-06-09,2026-06-09,0,Tuesday
15008,Lucknow City,2,23:31,23:33,5,2026-06-09,2026-06-09,0,Tuesday
15008,Badshahnagar,3,23:43,23:48,0,2026-06-09,2026-06-09,0,Tuesday
15008,Barabanki Jn,4,00:19,00:24,2,2026-06-09,2026-06-10,0,Tuesday
15008,Burhwal,5,00:59,01:15,27,2026-06-09,2026-06-10,0,Tuesday
15008,Gonda Jn,6,02:30,02:35,20,2026-06-09,2026-06-10,0,Tuesday
15008,Mankapur Jn,7,03:23,03:27,46,2026-06-09,2026-06-10,0,Tuesday
15008,Maskanwa,8,03:41,03:43,46,2026-06-09,2026-06-10,0,Tuesday
15008,Babhnan,9,03:57,04:00,46,2026-06-09,2026-06-10,0,Tuesday
15008,Basti,10,04:24,04:30,47,2026-06-09,2026-06-10,0,Tuesday
15008,Khalilabad,11,04:52,04:54,24,2026-06-09,2026-06-10,0,Tuesday
15008,Maghar,12,05:02,05:04,22,2026-06-09,2026-06-10,0,Tuesday
15008,Sihapar,13,05:10,05:12,20,2026-06-09,2026-06-10,0,Tuesday
15008,Sahjanwa,14,05:21,05:23,22,2026-06-09,2026-06-10,0,Tuesday
15008,Jagatbela,15,05:31,05:35,21,2026-06-09,2026-06-10,0,Tuesday
15008,Domingarh,16,05:44,05:49,21,2026-06-09,2026-06-10,0,Tuesday
15008,Gorakhpur Jn,17,06:01,06:21,6,2026-06-09,2026-06-10,0,Tuesday
15008,Gorakhpur Cant,18,06:32,06:36,1,2026-06-09,2026-06-10,0,Tuesday
15008,Chauri Chaura,19,07:15,07:17,15,2026-06-09,2026-06-10,0,Tuesday
15008,Gauri Bazar,20,07:25,07:27,10,2026-06-09,2026-06-10,0,Tuesday
15008,Deoria Sadar,21,08:37,08:42,62,2026-06-09,2026-06-10,0,Tuesday
15008,Bhatni Jn,22,09:08,09:10,67,2026-06-09,2026-06-10,0,Tuesday
15008,Salempur Jn,23,09:26,09:28,66,2026-06-09,2026-06-10,0,Tuesday
15008,Lar Road,24,09:41,10:12,97,2026-06-09,2026-06-10,0,Tuesday
15008,Belthara Road,25,10:35,10:37,97,2026-06-09,2026-06-10,0,Tuesday
15008,Kirihrapur,26,10:44,10:46,86,2026-06-09,2026-06-10,0,Tuesday
15008,Indara Jn,27,11:11,11:13,96,2026-06-09,2026-06-10,0,Tuesday
15008,Mau Jn,28,11:26,11:31,96,2026-06-09,2026-06-10,0,Tuesday
15008,Dullahapur,29,11:47,11:49,87,2026-06-09,2026-06-10,0,Tuesday
15008,Jakhanian,30,11:57,11:59,85,2026-06-09,2026-06-10,0,Tuesday
15008,Sadat,31,12:18,12:20,92,2026-06-09,2026-06-10,0,Tuesday
15008,Aunrihar Jn,32,12:34,12:38,88,2026-06-09,2026-06-10,0,Tuesday
15008,Sarnath,33,12:57,12:59,72,2026-06-09,2026-06-10,0,Tuesday
15008,Varanasi City,34,13:14,TERMINATED,59,2026-06-09,2026-06-10,0,Tuesday
15034,Lucknow Ne,1,ORIGIN,06:10,70,2026-06-09,2026-06-09,0,Tuesday
15034,Badshahnagar,2,06:38,07:08,97,2026-06-09,2026-06-09,0,Tuesday
15034,Gonda Jn,3,09:36,09:43,130,2026-06-09,2026-06-09,0,Tuesday
15034,Basti,4,11:55,12:00,204,2026-06-09,2026-06-09,0,Tuesday
15034,Gorakhpur Jn,5,13:06,13:16,191,2026-06-09,2026-06-09,0,Tuesday
15034,Deoria Sadar,6,14:23,14:26,200,2026-06-09,2026-06-09,0,Tuesday
15034,Siwan Jn,7,15:49,15:54,229,2026-06-09,2026-06-09,0,Tuesday
15034,Ekma,8,16:31,16:36,244,2026-06-09,2026-06-09,0,Tuesday
15034,Chhapra,9,17:23,17:32,262,2026-06-09,2026-06-09,0,Tuesday
15034,Dighwara,10,18:07,18:11,263,2026-06-09,2026-06-09,0,Tuesday
15034,Patliputra,11,19:13,TERMINATED,258,2026-06-09,2026-06-09,0,Tuesday
15204,Lucknow Ne,1,ORIGIN,15:24,9,2026-06-09,2026-06-09,0,Tuesday
15204,Lucknow City,2,15:40,15:42,9,2026-06-09,2026-06-09,0,Tuesday
15204,Badshahnagar,3,15:58,16:01,8,2026-06-09,2026-06-09,0,Tuesday
15204,Gomati Nagar,4,16:16,16:18,17,2026-06-09,2026-06-09,0,Tuesday
15204,Barabanki Jn,5,16:49,16:52,12,2026-06-09,2026-06-09,0,Tuesday
15204,Burhwal,6,17:18,17:20,14,2026-06-09,2026-06-09,0,Tuesday
15204,Jarwal Road,7,17:31,17:33,8,2026-06-09,2026-06-09,0,Tuesday
15204,Colonelganj,8,17:52,18:00,17,2026-06-09,2026-06-09,0,Tuesday
15204,Gonda Jn,9,18:30,18:37,17,2026-06-09,2026-06-09,0,Tuesday
15204,Mankapur Jn,10,19:09,19:11,27,2026-06-09,2026-06-09,0,Tuesday
15204,Maskanwa,11,19:25,19:29,29,2026-06-09,2026-06-09,0,Tuesday
15204,Babhnan,12,19:44,19:46,26,2026-06-09,2026-06-09,0,Tuesday
15204,Basti,13,20:22,20:26,26,2026-06-09,2026-06-09,0,Tuesday
15204,Munderwa,14,20:43,20:45,29,2026-06-09,2026-06-09,0,Tuesday
15204,Khalilabad,15,20:58,21:00,28,2026-06-09,2026-06-09,0,Tuesday
15204,Sahjanwa,16,21:12,21:36,44,2026-06-09,2026-06-09,0,Tuesday
15204,Gorakhpur Jn,17,22:15,22:26,26,2026-06-09,2026-06-09,0,Tuesday
15204,Gorakhpur Cant,18,22:38,22:41,23,2026-06-09,2026-06-09,0,Tuesday
15204,Chauri Chaura,19,23:06,23:10,25,2026-06-09,2026-06-09,0,Tuesday
15204,Gauri Bazar,20,23:20,23:24,24,2026-06-09,2026-06-09,0,Tuesday
15204,Deoria Sadar,21,23:39,23:45,20,2026-06-09,2026-06-09,0,Tuesday
15204,Bhatni Jn,22,00:09,00:14,26,2026-06-09,2026-06-10,0,Tuesday
15204,Bhatpar Rani,23,00:25,00:29,21,2026-06-09,2026-06-10,0,Tuesday
15204,Mairwa,24,00:38,00:40,18,2026-06-09,2026-06-10,0,Tuesday
15204,Siwan Jn,25,01:04,01:09,24,2026-06-09,2026-06-10,0,Tuesday
15204,Ekma,26,01:32,01:35,18,2026-06-09,2026-06-10,0,Tuesday
15204,Chhapra,27,02:02,02:26,1,2026-06-09,2026-06-10,0,Tuesday
15204,Dighwara,28,02:58,03:02,0,2026-06-09,2026-06-10,0,Tuesday
15204,Sonpur Jn,29,03:26,03:35,0,2026-06-09,2026-06-10,0,Tuesday
15204,Hajipur Jn,30,03:46,03:59,9,2026-06-09,2026-06-10,0,Tuesday
15204,Muzaffarpur Jn,31,04:49,05:09,24,2026-06-09,2026-06-10,0,Tuesday
15204,Dholi,32,05:31,05:34,21,2026-06-09,2026-06-10,0,Tuesday
15204,Khudiram B Pusa,33,05:57,05:59,29,2026-06-09,2026-06-10,0,Tuesday
15204,Samastipur Jn,34,06:18,06:25,15,2026-06-09,2026-06-10,0,Tuesday
15204,Dalsingh Sarai,35,06:49,06:52,17,2026-06-09,2026-06-10,0,Tuesday
15204,Bachwara Jn,36,07:09,07:11,22,2026-06-09,2026-06-10,0,Tuesday
15204,Barauni Jn,37,07:54,TERMINATED,0,2026-06-09,2026-06-10,0,Tuesday
15205,Lucknow Ne,1,ORIGIN,17:35,5,2026-06-09,2026-06-09,0,Tuesday
15205,Unnao Jn,2,18:57,19:00,32,2026-06-09,2026-06-09,0,Tuesday
15205,Kanpur Central,3,19:47,19:57,52,2026-06-09,2026-06-09,0,Tuesday
15205,Ghatampur,4,21:08,21:10,66,2026-06-09,2026-06-09,0,Tuesday
15205,Hamirpur Road,5,21:26,21:35,74,2026-06-09,2026-06-09,0,Tuesday
15205,Bharwa Sumerpur,6,21:55,22:01,79,2026-06-09,2026-06-09,0,Tuesday
15205,Ragaul,7,22:17,22:19,80,2026-06-09,2026-06-09,0,Tuesday
15205,Banda Jn,8,23:12,23:23,78,2026-06-09,2026-06-09,0,Tuesday
15205,Khurhand,9,23:44,23:53,88,2026-06-09,2026-06-09,0,Tuesday
15205,Atarra,10,00:05,00:09,90,2026-06-09,2026-06-10,0,Tuesday
15205,Chitrakutdham K,11,00:45,00:49,87,2026-06-09,2026-06-10,0,Tuesday
15205,Majhagawan,12,01:53,01:56,46,2026-06-09,2026-06-10,0,Tuesday
15205,Jaitwar,13,02:17,02:19,49,2026-06-09,2026-06-10,0,Tuesday
15205,Satna,14,02:39,02:47,52,2026-06-09,2026-06-10,0,Tuesday
15205,Unchhera,15,03:06,03:08,58,2026-06-09,2026-06-10,0,Tuesday
15205,Maihar,16,03:25,03:27,62,2026-06-09,2026-06-10,0,Tuesday
15205,Jukehi,17,03:57,03:59,54,2026-06-09,2026-06-10,0,Tuesday
15205,Katni,18,04:20,04:27,42,2026-06-09,2026-06-10,0,Tuesday
15205,Sihora Road,19,05:10,05:13,43,2026-06-09,2026-06-10,0,Tuesday
15205,Jabalpur,20,05:50,TERMINATED,10,2026-06-09,2026-06-10,0,Tuesday
22453,Lucknow Ne,1,ORIGIN,14:44,19,2026-06-09,2026-06-09,0,Tuesday
22453,Balamu Jn,2,15:32,15:39,4,2026-06-09,2026-06-09,0,Tuesday
22453,Hardoi,3,16:04,16:08,2,2026-06-09,2026-06-09,0,Tuesday
22453,Shahjehanpur,4,17:08,17:12,4,2026-06-09,2026-06-09,0,Tuesday
22453,Bareilly,5,18:23,18:28,6,2026-06-09,2026-06-09,0,Tuesday
22453,Rampur,6,19:24,19:26,9,2026-06-09,2026-06-09,0,Tuesday
22453,Moradabad,7,20:07,20:17,2,2026-06-09,2026-06-09,0,Tuesday
22453,Amroha,8,20:45,20:48,4,2026-06-09,2026-06-09,0,Tuesday
22453,Hapur,9,22:03,22:11,33,2026-06-09,2026-06-09,0,Tuesday
22453,Meerut City,10,22:37,TERMINATED,2,2026-06-09,2026-06-09,0,Tuesday
22545,Lucknow Ne,1,ORIGIN,05:16,1,2026-06-09,2026-06-09,0,Tuesday
22545,Shahjehanpur,2,07:28,07:37,1,2026-06-09,2026-06-09,0,Tuesday
22545,Bareilly,3,08:40,08:44,12,2026-06-09,2026-06-09,0,Tuesday
22545,Moradabad,4,09:49,09:57,5,2026-06-09,2026-06-09,0,Tuesday
22545,Najibabad Jn,5,11:10,11:13,3,2026-06-09,2026-06-09,0,Tuesday
22545,Haridwar Jn,6,12:15,12:19,9,2026-06-09,2026-06-09,0,Tuesday
22545,Dehradun,7,13:41,TERMINATED,1,2026-06-09,2026-06-09,0,Tuesday
55345,Lucknow Ne,1,ORIGIN,05:11,41,2026-06-09,2026-06-09,0,Tuesday
55345,Manak Nagar,2,05:44,06:12,86,2026-06-09,2026-06-09,0,Tuesday
55345,Amausi,3,06:27,06:28,89,2026-06-09,2026-06-09,0,Tuesday
55345,Piparsand,4,06:38,06:40,91,2026-06-09,2026-06-09,0,Tuesday
55345,Harauni,5,06:49,06:50,92,2026-06-09,2026-06-09,0,Tuesday
55345,Jaitipur,6,07:01,07:02,95,2026-06-09,2026-06-09,0,Tuesday
55345,Kusumbhi,7,07:07,07:08,94,2026-06-09,2026-06-09,0,Tuesday
55345,Ajgain,8,07:17,07:18,97,2026-06-09,2026-06-09,0,Tuesday
55345,Sonik,9,07:29,07:30,100,2026-06-09,2026-06-09,0,Tuesday
55345,Unnao Jn,10,07:41,07:58,117,2026-06-09,2026-06-09,0,Tuesday
55345,Magarwara,11,08:07,08:08,113,2026-06-09,2026-06-09,0,Tuesday
55345,Kanpur Bge L Bk,12,08:20,08:22,113,2026-06-09,2026-06-09,0,Tuesday
55345,Kanpur Central,13,08:38,08:50,115,2026-06-09,2026-06-09,0,Tuesday
55345,Kanpur Anwrganj,14,09:00,09:07,117,2026-06-09,2026-06-09,0,Tuesday
55345,Rawatpur,15,09:16,09:19,119,2026-06-09,2026-06-09,0,Tuesday
55345,Kalianpur,16,09:26,09:29,119,2026-06-09,2026-06-09,0,Tuesday
55345,Mandhana Jn,17,09:37,09:39,119,2026-06-09,2026-06-09,0,Tuesday
55345,Chaubepur,18,09:48,09:50,120,2026-06-09,2026-06-09,0,Tuesday
55345,Barrajpur,19,10:01,10:04,122,2026-06-09,2026-06-09,0,Tuesday
55345,Utripura,20,10:13,10:15,125,2026-06-09,2026-06-09,0,Tuesday
55345,Dhaursalar,21,,,83,2026-06-09,2026-06-09,0,Tuesday
55345,Bilhaur,22,10:29,10:31,121,2026-06-09,2026-06-09,0,Tuesday
55345,Bakothikhas,23,,,75,2026-06-09,2026-06-09,0,Tuesday
55345,Araul Makanpur,24,10:47,10:49,119,2026-06-09,2026-06-09,0,Tuesday
55345,Gangawapur Halt,25,,,71,2026-06-09,2026-06-09,0,Tuesday
55345,Mani Mau,26,,,71,2026-06-09,2026-06-09,0,Tuesday
55345,Kannauj,27,11:08,11:43,143,2026-06-09,2026-06-09,0,Tuesday
55345,Kannauj City,28,,,103,2026-06-09,2026-06-09,0,Tuesday
55345,Jlalpr Panwara,29,,,103,2026-06-09,2026-06-09,0,Tuesday
55345,Jasoda,30,12:00,12:05,146,2026-06-09,2026-06-09,0,Tuesday
55345,Khudlapur,31,,,100,2026-06-09,2026-06-09,0,Tuesday
55345,Gursahaiganj,32,12:19,12:22,147,2026-06-09,2026-06-09,0,Tuesday
55345,Malikpur,33,,,80,2026-06-09,2026-06-09,0,Tuesday
55345,Khudaganj,34,12:35,12:38,148,2026-06-09,2026-06-09,0,Tuesday
55345,Singhirampur,35,,,83,2026-06-09,2026-06-09,0,Tuesday
55345,Kamalganj,36,,,78,2026-06-09,2026-06-09,0,Tuesday
55345,Yaqutganj,37,,,78,2026-06-09,2026-06-09,0,Tuesday
55345,Fatehgarh,38,13:06,13:13,113,2026-06-09,2026-06-09,0,Tuesday
55345,Farrukhabad,39,13:26,13:32,97,2026-06-09,2026-06-09,0,Tuesday
55345,Harsingpur Goba,40,13:46,13:48,102,2026-06-09,2026-06-09,0,Tuesday
55345,Shukarullahpur,41,,,80,2026-06-09,2026-06-09,0,Tuesday
55345,Shamsabad,42,13:58,14:01,102,2026-06-09,2026-06-09,0,Tuesday
55345,Bhatasa,43,,,79,2026-06-09,2026-06-09,0,Tuesday
55345,Kaimganj,44,14:16,14:18,102,2026-06-09,2026-06-09,0,Tuesday
55345,Kampil Road,45,14:29,14:31,105,2026-06-09,2026-06-09,0,Tuesday
55345,Rudain,46,14:39,14:56,121,2026-06-09,2026-06-09,0,Tuesday
55345,Ballupur,47,,,89,2026-06-09,2026-06-09,0,Tuesday
55345,Daryaogonj,48,15:08,15:10,120,2026-06-09,2026-06-09,0,Tuesday
55345,Narthar,49,,,73,2026-06-09,2026-06-09,0,Tuesday
55345,Patiali,50,15:25,15:28,121,2026-06-09,2026-06-09,0,Tuesday
55345,Ganj Dundwara,51,15:42,15:45,125,2026-06-09,2026-06-09,0,Tuesday
55345,Garkha,52,,,81,2026-06-09,2026-06-09,0,Tuesday
55345,Sahawar Town,53,16:00,16:02,122,2026-06-09,2026-06-09,0,Tuesday
55345,Badhari Kalan,54,16:15,16:16,121,2026-06-09,2026-06-09,0,Tuesday
55345,Kasganj,55,16:41,TERMINATED,81,2026-06-09,2026-06-09,0,Tuesday
15032,Lucknow Ne,1,ORIGIN,16:05,0,2026-06-09,2026-06-09,0,Tuesday
15032,Badshahnagar,2,16:23,16:53,21,2026-06-09,2026-06-09,0,Tuesday
15032,Barabanki Jn,3,17:20,17:23,15,2026-06-09,2026-06-09,0,Tuesday
15032,Colonelganj,4,18:14,18:16,19,2026-06-09,2026-06-09,0,Tuesday
15032,Gonda Jn,5,18:48,18:52,19,2026-06-09,2026-06-09,0,Tuesday
15032,Mankapur Jn,6,19:30,19:36,39,2026-06-09,2026-06-09,0,Tuesday
15032,Babhnan,7,20:02,20:06,43,2026-06-09,2026-06-09,0,Tuesday
15032,Basti,8,20:42,20:46,56,2026-06-09,2026-06-09,0,Tuesday
15032,Khalilabad,9,21:09,21:11,56,2026-06-09,2026-06-09,0,Tuesday
15032,Sahjanwa,10,21:26,21:31,59,2026-06-09,2026-06-09,0,Tuesday
15032,Gorakhpur Jn,11,22:25,TERMINATED,55,2026-06-09,2026-06-09,0,Tuesday
15011,Lucknow Ne,1,ORIGIN,00:13,18,2026-06-09,2026-06-09,0,Tuesday
15011,Hardoi,2,01:44,01:46,12,2026-06-09,2026-06-10,0,Tuesday
15011,Shahjehanpur,3,02:44,02:46,13,2026-06-09,2026-06-10,0,Tuesday
15011,Chandausi Jn,4,05:37,05:42,40,2026-06-09,2026-06-10,0,Tuesday
15011,Moradabad,5,06:35,06:51,53,2026-06-09,2026-06-10,0,Tuesday
15011,Amroha,6,07:23,07:34,67,2026-06-09,2026-06-10,0,Tuesday
15011,Gajraula Jn,7,07:58,08:03,63,2026-06-09,2026-06-10,0,Tuesday
15011,Mandi Dhanaura,8,08:16,08:21,55,2026-06-09,2026-06-10,0,Tuesday
15011,Chand Siau,9,08:37,08:41,51,2026-06-09,2026-06-10,0,Tuesday
15011,Haldaur,10,08:56,08:58,43,2026-06-09,2026-06-10,0,Tuesday
15011,Bijnor,11,09:14,09:21,21,2026-06-09,2026-06-10,0,Tuesday
15011,Basi Kiratpur,12,09:32,09:35,5,2026-06-09,2026-06-10,0,Tuesday
15011,Muzzampur Nryn,13,09:47,10:45,0,2026-06-09,2026-06-10,0,Tuesday
15011,Laksar Jn,14,11:14,11:18,8,2026-06-09,2026-06-10,0,Tuesday
15011,Roorkee,15,11:31,11:38,10,2026-06-09,2026-06-10,0,Tuesday
15011,Saharanpur,16,12:22,12:34,4,2026-06-09,2026-06-10,0,Tuesday
15011,Yamunanagar Jud,17,13:11,13:13,15,2026-06-09,2026-06-10,0,Tuesday
15011,Jagadhri Wshop,18,13:20,13:22,16,2026-06-09,2026-06-10,0,Tuesday
15011,Ambala Cant Jn,19,14:10,14:17,2,2026-06-09,2026-06-10,0,Tuesday
15011,Chandigarh,20,14:55,TERMINATED,0,2026-06-09,2026-06-10,0,Tuesday
12419,Lucknow Nr,1,ORIGIN,06:00,15,2026-06-10,2026-06-10,0,Wednesday
12419,Unnao Jn,2,06:50,07:08,21,2026-06-10,2026-06-10,0,Wednesday
12419,Kanpur Central,3,07:48,08:02,27,2026-06-10,2026-06-10,0,Wednesday
12419,Panki Dham,4,08:23,08:24,28,2026-06-10,2026-06-10,0,Wednesday
12419,Rura,5,08:43,08:44,24,2026-06-10,2026-06-10,0,Wednesday
12419,Jhinjhak,6,09:01,09:02,27,2026-06-10,2026-06-10,0,Wednesday
12419,Phaphund,7,09:19,09:25,35,2026-06-10,2026-06-10,0,Wednesday
12419,Bharthana,8,09:47,09:51,36,2026-06-10,2026-06-10,0,Wednesday
12419,Etawah Jn,9,10:15,10:17,42,2026-06-10,2026-06-10,0,Wednesday
12419,Shikohabad Jn,10,10:56,10:59,51,2026-06-10,2026-06-10,0,Wednesday
12419,Firozabad,11,11:18,11:20,53,2026-06-10,2026-06-10,0,Wednesday
12419,Tundla Jn,12,11:37,11:44,39,2026-06-10,2026-06-10,0,Wednesday
12419,Hathras Jn,13,12:09,12:11,26,2026-06-10,2026-06-10,0,Wednesday
12419,Aligarh Jn,14,12:35,12:41,31,2026-06-10,2026-06-10,0,Wednesday
12419,Khurja Jn,15,13:11,13:16,36,2026-06-10,2026-06-10,0,Wednesday
12419,Ghaziabad,16,14:08,14:18,3,2026-06-10,2026-06-10,0,Wednesday
12419,New Delhi,17,15:02,TERMINATED,2,2026-06-10,2026-06-10,0,Wednesday
12429,Lucknow Nr,1,ORIGIN,23:41,11,2026-06-10,2026-06-10,0,Wednesday
12429,Shahjehanpur,2,02:04,02:06,7,2026-06-10,2026-06-11,0,Wednesday
12429,Bareilly,3,03:12,03:17,21,2026-06-10,2026-06-11,0,Wednesday
12429,Moradabad,4,04:33,04:41,6,2026-06-10,2026-06-11,0,Wednesday
12429,Ghaziabad,5,06:54,07:00,13,2026-06-10,2026-06-11,0,Wednesday
12429,New Delhi,6,07:43,TERMINATED,13,2026-06-10,2026-06-11,0,Wednesday
12231,Lucknow Nr,1,ORIGIN,22:47,22,2026-06-10,2026-06-10,0,Wednesday
12231,Hardoi,2,00:14,00:21,17,2026-06-10,2026-06-11,0,Wednesday
12231,Shahjehanpur,3,01:11,01:14,10,2026-06-10,2026-06-11,0,Wednesday
12231,Bareilly,4,02:26,02:31,22,2026-06-10,2026-06-11,0,Wednesday
12231,Moradabad,5,04:20,04:28,28,2026-06-10,2026-06-11,0,Wednesday
12231,Seohara,6,05:03,05:06,25,2026-06-10,2026-06-11,0,Wednesday
12231,Dhampur,7,05:27,05:30,35,2026-06-10,2026-06-11,0,Wednesday
12231,Nagina,8,05:45,05:51,39,2026-06-10,2026-06-11,0,Wednesday
12231,Najibabad Jn,9,06:08,06:10,38,2026-06-10,2026-06-11,0,Wednesday
12231,Laksar Jn,10,06:50,06:52,49,2026-06-10,2026-06-11,0,Wednesday
12231,Roorkee,11,07:17,07:20,58,2026-06-10,2026-06-11,0,Wednesday
12231,Saharanpur,12,07:54,08:04,14,2026-06-10,2026-06-11,0,Wednesday
12231,Yamunanagar Jud,13,08:26,08:28,10,2026-06-10,2026-06-11,0,Wednesday
12231,Jagadhri Wshop,14,08:37,08:40,14,2026-06-10,2026-06-11,0,Wednesday
12231,Ambala Cant Jn,15,09:17,09:29,9,2026-06-10,2026-06-11,0,Wednesday
12231,Chandigarh,16,10:22,TERMINATED,17,2026-06-10,2026-06-11,0,Wednesday
14203,Varanasi Jn,1,ORIGIN,17:59,9,2026-06-10,2026-06-10,1,Wednesday
14203,Bhadohi,2,18:34,18:36,9,2026-06-10,2026-06-10,1,Wednesday
14203,Suriawan,3,18:51,18:52,11,2026-06-10,2026-06-10,1,Wednesday
14203,Janghai Jn,4,19:04,19:08,11,2026-06-10,2026-06-10,1,Wednesday
14203,Badshahpur,5,19:39,19:40,26,2026-06-10,2026-06-10,1,Wednesday
14203,Maa Barahi Devi Dham Dandupur,6,20:05,20:06,35,2026-06-10,2026-06-10,1,Wednesday
14203,MA BELHADEVI DP,7,20:24,20:26,40,2026-06-10,2026-06-10,1,Wednesday
14203,Amethi,8,21:09,21:11,55,2026-06-10,2026-06-10,1,Wednesday
14203,Gauriganj,9,21:22,21:23,53,2026-06-10,2026-06-10,1,Wednesday
14203,JAIS CITY,10,21:37,21:38,54,2026-06-10,2026-06-10,1,Wednesday
14203,Tapeshwarnath Dham,11,21:54,21:54,59,2026-06-10,2026-06-10,1,Wednesday
14203,Rae Bareli Jn,12,,,60,2026-06-10,2026-06-10,1,Wednesday
14203,Harchandpur,13,,,59,2026-06-10,2026-06-10,1,Wednesday
14203,Bachhrawan,14,,,58,2026-06-10,2026-06-10,1,Wednesday
14203,Lucknow Nr,15,,TERMINATED,51,2026-06-10,2026-06-10,1,Wednesday
14210,Lucknow Nr,1,ORIGIN,07:51,16,2026-06-10,2026-06-10,0,Wednesday
14210,Nigohan,2,08:30,08:31,15,2026-06-10,2026-06-10,0,Wednesday
14210,Bachhrawan,3,08:42,08:43,15,2026-06-10,2026-06-10,0,Wednesday
14210,Harchandpur,4,08:59,09:01,18,2026-06-10,2026-06-10,0,Wednesday
14210,Rae Bareli Jn,5,09:22,09:24,21,2026-06-10,2026-06-10,0,Wednesday
14210,Unchahar Jn,6,10:41,10:44,61,2026-06-10,2026-06-10,0,Wednesday
14210,Garhi Manikpur,7,11:04,11:05,63,2026-06-10,2026-06-10,0,Wednesday
14210,Kunda Harnamgnj,8,11:17,11:18,64,2026-06-10,2026-06-10,0,Wednesday
14210,Lalgopalganj,9,11:32,11:33,64,2026-06-10,2026-06-10,0,Wednesday
14210,Prayag,10,12:13,12:19,59,2026-06-10,2026-06-10,0,Wednesday
14210,Prayagrajsangam,11,12:32,TERMINATED,47,2026-06-10,2026-06-10,0,Wednesday
14216,Lucknow Nr,1,ORIGIN,18:15,0,2026-06-10,2026-06-10,0,Wednesday
14216,Bachhrawan,2,19:02,19:04,0,2026-06-10,2026-06-10,0,Wednesday
14216,Rae Bareli Jn,3,19:25,19:35,0,2026-06-10,2026-06-10,0,Wednesday
14216,Lachhmanpur,4,20:03,20:12,13,2026-06-10,2026-06-10,0,Wednesday
14216,Unchahar Jn,5,21:13,21:15,57,2026-06-10,2026-06-10,0,Wednesday
14216,Pariawan K.k.rd,6,21:32,21:33,61,2026-06-10,2026-06-10,0,Wednesday
14216,Garhi Manikpur,7,21:40,21:41,59,2026-06-10,2026-06-10,0,Wednesday
14216,Kunda Harnamgnj,8,21:51,21:53,59,2026-06-10,2026-06-10,0,Wednesday
14216,Lalgopalganj,9,22:06,22:07,58,2026-06-10,2026-06-10,0,Wednesday
14216,Phaphamau Jn,10,22:42,22:43,53,2026-06-10,2026-06-10,0,Wednesday
14216,Prayag,11,23:04,23:10,65,2026-06-10,2026-06-10,0,Wednesday
14216,Prayagrajsangam,12,23:43,TERMINATED,78,2026-06-10,2026-06-10,0,Wednesday
20402,Lucknow Nr,1,ORIGIN,18:43,43,2026-06-10,2026-06-10,0,Wednesday
20402,Maharaja Bijli Pasi Nihalgarh,2,19:47,19:52,37,2026-06-10,2026-06-10,0,Wednesday
20402,Musafir Khana,3,20:06,20:07,43,2026-06-10,2026-06-10,0,Wednesday
20402,Sultanpur,4,20:31,20:33,43,2026-06-10,2026-06-10,0,Wednesday
20402,Lambhua,5,20:59,21:00,50,2026-06-10,2026-06-10,0,Wednesday
20402,Srikrishn Nagar,6,21:34,21:36,61,2026-06-10,2026-06-10,0,Wednesday
20402,Jaunpur City,7,21:58,22:01,65,2026-06-10,2026-06-10,0,Wednesday
20402,Jalalganj,8,22:27,22:28,65,2026-06-10,2026-06-10,0,Wednesday
20402,Pindra Road,9,22:43,22:44,65,2026-06-10,2026-06-10,0,Wednesday
20402,Shiupur,10,23:01,23:03,53,2026-06-10,2026-06-10,0,Wednesday
20402,Varanasi Jn,11,23:39,TERMINATED,59,2026-06-10,2026-06-10,0,Wednesday
11110,Lucknow Ne,1,ORIGIN,17:19,39,2026-06-10,2026-06-10,0,Wednesday
11110,Unnao Jn,2,18:17,18:19,45,2026-06-10,2026-06-10,0,Wednesday
11110,Kanpur Central,3,18:44,19:01,46,2026-06-10,2026-06-10,0,Wednesday
11110,Govindpuri,4,19:11,19:13,38,2026-06-10,2026-06-10,0,Wednesday
11110,Pokhrayan,5,20:01,20:05,40,2026-06-10,2026-06-10,0,Wednesday
11110,Kalpi,6,20:30,20:32,52,2026-06-10,2026-06-10,0,Wednesday
11110,Orai,7,20:55,21:01,54,2026-06-10,2026-06-10,0,Wednesday
11110,Ait,8,21:15,21:16,49,2026-06-10,2026-06-10,0,Wednesday
11110,Moth,9,21:49,21:50,58,2026-06-10,2026-06-10,0,Wednesday
11110,Chirgaon,10,22:11,22:12,61,2026-06-10,2026-06-10,0,Wednesday
11110,V Lakshmibai Jhansi Jhs,11,22:43,TERMINATED,8,2026-06-10,2026-06-10,0,Wednesday
12003,Lucknow Ne,1,ORIGIN,15:40,10,2026-06-10,2026-06-10,0,Wednesday
12003,Unnao Jn,2,16:31,16:33,12,2026-06-10,2026-06-10,0,Wednesday
12003,Kanpur Central,3,16:50,16:57,4,2026-06-10,2026-06-10,0,Wednesday
12003,Phaphund,4,17:55,17:56,8,2026-06-10,2026-06-10,0,Wednesday
12003,Etawah Jn,5,18:28,18:30,10,2026-06-10,2026-06-10,0,Wednesday
12003,Tundla Jn,6,19:31,19:35,7,2026-06-10,2026-06-10,0,Wednesday
12003,Aligarh Jn,7,20:18,20:22,5,2026-06-10,2026-06-10,0,Wednesday
12003,Ghaziabad,8,21:42,21:49,9,2026-06-10,2026-06-10,0,Wednesday
12003,New Delhi,9,22:35,TERMINATED,10,2026-06-10,2026-06-10,0,Wednesday
12104,Lucknow Ne,1,ORIGIN,16:29,9,2026-06-10,2026-06-10,0,Wednesday
12104,Kanpur Central,2,18:30,18:40,45,2026-06-10,2026-06-10,0,Wednesday
12104,Pokhrayan,3,19:39,19:43,43,2026-06-10,2026-06-10,0,Wednesday
12104,Orai,4,20:20,20:22,46,2026-06-10,2026-06-10,0,Wednesday
12104,V Lakshmibai Jhansi Jhs,5,22:24,22:35,70,2026-06-10,2026-06-10,0,Wednesday
12104,Bina Jn,6,01:04,01:18,13,2026-06-10,2026-06-11,0,Wednesday
12104,Bhopal  Jn,7,03:04,03:15,10,2026-06-10,2026-06-11,0,Wednesday
12104,Itarsi Jn,8,04:37,04:44,4,2026-06-10,2026-06-11,0,Wednesday
12104,Khandwa,9,07:07,07:15,0,2026-06-10,2026-06-11,0,Wednesday
12104,Bhusaval Jn,10,09:02,09:14,9,2026-06-10,2026-06-11,0,Wednesday
12104,Manmad Jn,11,11:40,12:12,27,2026-06-10,2026-06-11,0,Wednesday
12104,Kopargaon,12,12:49,12:56,21,2026-06-10,2026-06-11,0,Wednesday
12104,Daund Chord Lin,13,15:57,16:20,0,2026-06-10,2026-06-11,0,Wednesday
12104,Pune Jn,14,17:53,TERMINATED,3,2026-06-10,2026-06-11,0,Wednesday
12179,Lucknow Ne,1,ORIGIN,16:32,37,2026-06-10,2026-06-10,0,Wednesday
12179,Unnao Jn,2,17:49,17:52,66,2026-06-10,2026-06-10,0,Wednesday
12179,Kanpur Central,3,18:15,18:20,60,2026-06-10,2026-06-10,0,Wednesday
12179,Panki Dham,4,18:51,18:52,68,2026-06-10,2026-06-10,0,Wednesday
12179,Rura,5,19:32,19:33,88,2026-06-10,2026-06-10,0,Wednesday
12179,Jhinjhak,6,19:46,19:50,91,2026-06-10,2026-06-10,0,Wednesday
12179,Phaphund,7,20:03,20:07,93,2026-06-10,2026-06-10,0,Wednesday
12179,Bharthana,8,20:28,20:29,89,2026-06-10,2026-06-10,0,Wednesday
12179,Etawah Jn,9,20:43,20:45,85,2026-06-10,2026-06-10,0,Wednesday
12179,Shikohabad Jn,10,21:16,21:18,81,2026-06-10,2026-06-10,0,Wednesday
12179,Firozabad,11,21:36,21:38,81,2026-06-10,2026-06-10,0,Wednesday
12179,Tundla Jn,12,21:53,21:58,68,2026-06-10,2026-06-10,0,Wednesday
12179,Yamuna Bdg Agra,13,22:17,22:19,69,2026-06-10,2026-06-10,0,Wednesday
12179,Agra Fort,14,22:29,TERMINATED,40,2026-06-10,2026-06-10,0,Wednesday
12229,Lucknow Nr,1,ORIGIN,22:07,7,2026-06-10,2026-06-10,0,Wednesday
12229,Hardoi,2,23:34,23:36,0,2026-06-10,2026-06-10,0,Wednesday
12229,Shahjehanpur,3,00:36,00:38,2,2026-06-10,2026-06-11,0,Wednesday
12229,Bareilly,4,01:53,01:58,16,2026-06-10,2026-06-11,0,Wednesday
12229,Rampur,5,02:48,02:53,23,2026-06-10,2026-06-11,0,Wednesday
12229,Moradabad,6,03:31,03:39,6,2026-06-10,2026-06-11,0,Wednesday
12229,Hapur,7,05:08,05:13,13,2026-06-10,2026-06-11,0,Wednesday
12229,Ghaziabad,8,05:53,05:58,3,2026-06-10,2026-06-11,0,Wednesday
12229,New Delhi,9,07:02,TERMINATED,7,2026-06-10,2026-06-11,0,Wednesday
12532,Lucknow Ne,1,ORIGIN,16:52,47,2026-06-10,2026-06-10,1,Wednesday
12532,Badshahnagar,2,17:17,17:19,47,2026-06-10,2026-06-10,1,Wednesday
12532,Barabanki Jn,3,17:53,17:55,47,2026-06-10,2026-06-10,1,Wednesday
12532,Colonelganj,4,18:40,18:42,43,2026-06-10,2026-06-10,1,Wednesday
12532,Gonda Jn,5,19:23,19:26,48,2026-06-10,2026-06-10,1,Wednesday
12532,Mankapur Jn,6,20:00,20:02,56,2026-06-10,2026-06-10,1,Wednesday
12532,Babhnan,7,20:35,20:37,65,2026-06-10,2026-06-10,1,Wednesday
12532,Basti,8,21:10,21:12,71,2026-06-10,2026-06-10,1,Wednesday
12532,CHUREB,9,21:37,21:37,79,2026-06-10,2026-06-10,1,Wednesday
12532,Khalilabad,10,,,79,2026-06-10,2026-06-10,1,Wednesday
12532,Sahjanwa,11,,,78,2026-06-10,2026-06-10,1,Wednesday
12532,Gorakhpur Jn,12,,TERMINATED,62,2026-06-10,2026-06-10,1,Wednesday
12533,Gomati Nagar,1,ORIGIN,20:51,6,2026-06-10,2026-06-10,0,Wednesday
12533,Badshahnagar,2,20:58,21:03,3,2026-06-10,2026-06-10,0,Wednesday
12533,Aishbagh,3,21:28,21:38,13,2026-06-10,2026-06-10,0,Wednesday
12533,Unnao Jn,4,22:52,22:56,34,2026-06-10,2026-06-10,0,Wednesday
12533,Kanpur Central,5,23:37,00:11,61,2026-06-10,2026-06-10,0,Wednesday
12533,Orai,6,01:34,01:39,60,2026-06-10,2026-06-11,0,Wednesday
12533,V Lakshmibai Jhansi Jhs,7,03:46,04:08,80,2026-06-10,2026-06-11,0,Wednesday
12533,Lalitpur Jn,8,05:15,05:18,76,2026-06-10,2026-06-11,0,Wednesday
12533,Bhopal  Jn,9,07:48,08:00,50,2026-06-10,2026-06-11,0,Wednesday
12533,Rani Kamalapati,10,08:12,08:16,52,2026-06-10,2026-06-11,0,Wednesday
12533,Itarsi Jn,11,09:41,09:48,48,2026-06-10,2026-06-11,0,Wednesday
12533,Khandwa,12,12:03,12:11,16,2026-06-10,2026-06-11,0,Wednesday
12533,Bhusaval Jn,13,14:03,14:09,19,2026-06-10,2026-06-11,0,Wednesday
12533,Manmad Jn,14,16:33,16:47,32,2026-06-10,2026-06-11,0,Wednesday
12533,Nashik Road,15,17:49,17:54,31,2026-06-10,2026-06-11,0,Wednesday
12533,Igatpuri,16,18:45,19:00,33,2026-06-10,2026-06-11,0,Wednesday
12533,Kalyan Jn,17,21:15,21:18,68,2026-06-10,2026-06-11,0,Wednesday
12533,Dadar,18,22:20,22:26,86,2026-06-10,2026-06-11,0,Wednesday
12533,C Shivaji Mah T,19,22:44,TERMINATED,0,2026-06-10,2026-06-11,0,Wednesday
15008,Lucknow Ne,1,ORIGIN,23:22,12,2026-06-10,2026-06-10,0,Wednesday
15008,Lucknow City,2,23:37,23:39,11,2026-06-10,2026-06-10,0,Wednesday
15008,Badshahnagar,3,23:56,23:59,11,2026-06-10,2026-06-10,0,Wednesday
15008,Barabanki Jn,4,00:33,00:35,13,2026-06-10,2026-06-11,0,Wednesday
15008,Burhwal,5,01:07,01:21,33,2026-06-10,2026-06-11,0,Wednesday
15008,Gonda Jn,6,02:24,02:29,14,2026-06-10,2026-06-11,0,Wednesday
15008,Mankapur Jn,7,03:22,03:25,44,2026-06-10,2026-06-11,0,Wednesday
15008,Maskanwa,8,03:41,03:43,46,2026-06-10,2026-06-11,0,Wednesday
15008,Babhnan,9,03:57,03:59,45,2026-06-10,2026-06-11,0,Wednesday
15008,Basti,10,04:25,04:28,45,2026-06-10,2026-06-11,0,Wednesday
15008,Khalilabad,11,04:55,04:57,27,2026-06-10,2026-06-11,0,Wednesday
15008,Maghar,12,05:07,05:13,31,2026-06-10,2026-06-11,0,Wednesday
15008,Sihapar,13,05:17,05:18,26,2026-06-10,2026-06-11,0,Wednesday
15008,Sahjanwa,14,05:28,05:30,29,2026-06-10,2026-06-11,0,Wednesday
15008,Jagatbela,15,05:37,05:39,25,2026-06-10,2026-06-11,0,Wednesday
15008,Domingarh,16,05:51,05:54,26,2026-06-10,2026-06-11,0,Wednesday
15008,Gorakhpur Jn,17,06:00,06:22,7,2026-06-10,2026-06-11,0,Wednesday
15008,Gorakhpur Cant,18,06:38,06:40,5,2026-06-10,2026-06-11,0,Wednesday
15008,Chauri Chaura,19,07:24,07:26,24,2026-06-10,2026-06-11,0,Wednesday
15008,Gauri Bazar,20,07:30,07:32,15,2026-06-10,2026-06-11,0,Wednesday
15008,Deoria Sadar,21,08:00,08:05,25,2026-06-10,2026-06-11,0,Wednesday
15008,Bhatni Jn,22,08:28,08:30,27,2026-06-10,2026-06-11,0,Wednesday
15008,Salempur Jn,23,08:58,09:00,38,2026-06-10,2026-06-11,0,Wednesday
15008,Lar Road,24,09:22,09:24,49,2026-06-10,2026-06-11,0,Wednesday
15008,Belthara Road,25,09:51,09:53,53,2026-06-10,2026-06-11,0,Wednesday
15008,Kirihrapur,26,10:05,10:07,47,2026-06-10,2026-06-11,0,Wednesday
15008,Indara Jn,27,10:30,10:32,55,2026-06-10,2026-06-11,0,Wednesday
15008,Mau Jn,28,10:39,10:47,52,2026-06-10,2026-06-11,0,Wednesday
15008,Dullahapur,29,11:06,11:08,46,2026-06-10,2026-06-11,0,Wednesday
15008,Jakhanian,30,11:18,11:20,46,2026-06-10,2026-06-11,0,Wednesday
15008,Sadat,31,11:38,11:40,52,2026-06-10,2026-06-11,0,Wednesday
15008,Aunrihar Jn,32,12:03,12:05,55,2026-06-10,2026-06-11,0,Wednesday
15008,Sarnath,33,12:26,12:28,41,2026-06-10,2026-06-11,0,Wednesday
15008,Varanasi City,34,12:40,TERMINATED,25,2026-06-10,2026-06-11,0,Wednesday
15034,Lucknow Ne,1,ORIGIN,10:53,353,2026-06-10,2026-06-10,0,Wednesday
15034,Badshahnagar,2,11:02,11:31,360,2026-06-10,2026-06-10,0,Wednesday
15034,Gonda Jn,3,13:48,13:53,380,2026-06-10,2026-06-10,0,Wednesday
15034,Basti,4,15:46,15:51,435,2026-06-10,2026-06-10,0,Wednesday
15034,Gorakhpur Jn,5,16:56,17:06,421,2026-06-10,2026-06-10,0,Wednesday
15034,Deoria Sadar,6,18:29,19:03,477,2026-06-10,2026-06-10,0,Wednesday
15034,Siwan Jn,7,19:52,20:08,483,2026-06-10,2026-06-10,0,Wednesday
15034,Ekma,8,20:30,20:32,480,2026-06-10,2026-06-10,0,Wednesday
15034,Chhapra,9,21:15,21:24,494,2026-06-10,2026-06-10,0,Wednesday
15034,Dighwara,10,21:53,21:55,487,2026-06-10,2026-06-10,0,Wednesday
15034,Patliputra,11,22:56,TERMINATED,481,2026-06-10,2026-06-10,0,Wednesday
15043,Lucknow Ne,1,ORIGIN,23:28,3,2026-06-10,2026-06-10,0,Wednesday
15043,Bareilly,2,04:01,04:21,8,2026-06-10,2026-06-11,0,Wednesday
15043,Bareilly City,3,04:27,04:57,22,2026-06-10,2026-06-11,0,Wednesday
15043,Izzatnagar,4,05:10,05:15,20,2026-06-10,2026-06-11,0,Wednesday
15043,Bhojipura Jn,5,05:34,05:36,6,2026-06-10,2026-06-11,0,Wednesday
15043,Baheri,6,06:08,06:13,10,2026-06-10,2026-06-11,0,Wednesday
15043,Kichha,7,06:30,06:32,4,2026-06-10,2026-06-11,0,Wednesday
15043,Pantnagar,8,06:44,06:48,3,2026-06-10,2026-06-11,0,Wednesday
15043,Lal Kuan,9,07:02,07:14,14,2026-06-10,2026-06-11,0,Wednesday
15043,Haldwani,10,07:36,07:46,6,2026-06-10,2026-06-11,0,Wednesday
15043,Kathgodam,11,08:02,TERMINATED,0,2026-06-10,2026-06-11,0,Wednesday
15204,Lucknow Ne,1,ORIGIN,15:15,0,2026-06-10,2026-06-10,0,Wednesday
15204,Lucknow City,2,15:30,15:38,5,2026-06-10,2026-06-10,0,Wednesday
15204,Badshahnagar,3,15:55,15:58,5,2026-06-10,2026-06-10,0,Wednesday
15204,Gomati Nagar,4,16:08,16:10,9,2026-06-10,2026-06-10,0,Wednesday
15204,Barabanki Jn,5,16:39,16:41,1,2026-06-10,2026-06-10,0,Wednesday
15204,Burhwal,6,17:06,17:09,3,2026-06-10,2026-06-10,0,Wednesday
15204,Jarwal Road,7,17:40,17:43,18,2026-06-10,2026-06-10,0,Wednesday
15204,Colonelganj,8,18:04,18:08,25,2026-06-10,2026-06-10,0,Wednesday
15204,Gonda Jn,9,18:45,18:48,28,2026-06-10,2026-06-10,0,Wednesday
15204,Mankapur Jn,10,19:28,19:30,46,2026-06-10,2026-06-10,0,Wednesday
15204,Maskanwa,11,19:46,19:48,48,2026-06-10,2026-06-10,0,Wednesday
15204,Babhnan,12,20:05,20:12,52,2026-06-10,2026-06-10,0,Wednesday
15204,Basti,13,20:46,20:48,48,2026-06-10,2026-06-10,0,Wednesday
15204,Munderwa,14,21:03,21:08,52,2026-06-10,2026-06-10,0,Wednesday
15204,Khalilabad,15,21:22,21:25,53,2026-06-10,2026-06-10,0,Wednesday
15204,Sahjanwa,16,21:42,21:43,51,2026-06-10,2026-06-10,0,Wednesday
15204,Gorakhpur Jn,17,22:04,22:11,11,2026-06-10,2026-06-10,0,Wednesday
15204,Gorakhpur Cant,18,22:23,22:23,3,2026-06-10,2026-06-10,0,Wednesday
15204,Chauri Chaura,19,22:51,22:53,8,2026-06-10,2026-06-10,0,Wednesday
15204,Gauri Bazar,20,23:06,23:08,8,2026-06-10,2026-06-10,0,Wednesday
15204,Deoria Sadar,21,23:23,23:27,2,2026-06-10,2026-06-10,0,Wednesday
15204,Bhatni Jn,22,23:45,23:49,1,2026-06-10,2026-06-10,0,Wednesday
15204,Bhatpar Rani,23,00:00,00:08,0,2026-06-10,2026-06-11,0,Wednesday
15204,Mairwa,24,00:21,00:23,1,2026-06-10,2026-06-11,0,Wednesday
15204,Siwan Jn,25,00:45,00:49,4,2026-06-10,2026-06-11,0,Wednesday
15204,Ekma,26,01:13,01:17,0,2026-06-10,2026-06-11,0,Wednesday
15204,Chhapra,27,01:48,02:25,0,2026-06-10,2026-06-11,0,Wednesday
15204,Dighwara,28,02:53,03:02,0,2026-06-10,2026-06-11,0,Wednesday
15204,Sonpur Jn,29,03:26,03:42,7,2026-06-10,2026-06-11,0,Wednesday
15204,Hajipur Jn,30,03:54,04:01,11,2026-06-10,2026-06-11,0,Wednesday
15204,Muzaffarpur Jn,31,04:47,04:53,8,2026-06-10,2026-06-11,0,Wednesday
15204,Dholi,32,05:18,05:21,8,2026-06-10,2026-06-11,0,Wednesday
15204,Khudiram B Pusa,33,05:35,05:37,7,2026-06-10,2026-06-11,0,Wednesday
15204,Samastipur Jn,34,05:57,06:11,1,2026-06-10,2026-06-11,0,Wednesday
15204,Dalsingh Sarai,35,06:43,06:46,11,2026-06-10,2026-06-11,0,Wednesday
15204,Bachwara Jn,36,06:59,07:03,14,2026-06-10,2026-06-11,0,Wednesday
15204,Barauni Jn,37,07:36,TERMINATED,0,2026-06-10,2026-06-11,0,Wednesday
15205,Lucknow Ne,1,ORIGIN,17:30,0,2026-06-10,2026-06-10,0,Wednesday
15205,Unnao Jn,2,18:33,18:37,9,2026-06-10,2026-06-10,0,Wednesday
15205,Kanpur Central,3,19:17,19:30,25,2026-06-10,2026-06-10,0,Wednesday
15205,Ghatampur,4,20:29,20:31,27,2026-06-10,2026-06-10,0,Wednesday
15205,Hamirpur Road,5,20:57,21:04,43,2026-06-10,2026-06-10,0,Wednesday
15205,Bharwa Sumerpur,6,21:25,21:28,46,2026-06-10,2026-06-10,0,Wednesday
15205,Ragaul,7,21:42,21:47,48,2026-06-10,2026-06-10,0,Wednesday
15205,Banda Jn,8,22:46,22:54,49,2026-06-10,2026-06-10,0,Wednesday
15205,Khurhand,9,23:19,23:21,56,2026-06-10,2026-06-10,0,Wednesday
15205,Atarra,10,23:59,00:02,83,2026-06-10,2026-06-10,0,Wednesday
15205,Chitrakutdham K,11,00:29,00:31,69,2026-06-10,2026-06-11,0,Wednesday
15205,Majhagawan,12,01:37,01:39,29,2026-06-10,2026-06-11,0,Wednesday
15205,Jaitwar,13,01:54,01:58,28,2026-06-10,2026-06-11,0,Wednesday
15205,Satna,14,02:14,02:24,29,2026-06-10,2026-06-11,0,Wednesday
15205,Unchhera,15,02:41,02:43,33,2026-06-10,2026-06-11,0,Wednesday
15205,Maihar,16,02:58,03:01,36,2026-06-10,2026-06-11,0,Wednesday
15205,Jukehi,17,03:33,03:35,30,2026-06-10,2026-06-11,0,Wednesday
15205,Katni,18,03:56,04:03,18,2026-06-10,2026-06-11,0,Wednesday
15205,Sihora Road,19,04:48,04:51,21,2026-06-10,2026-06-11,0,Wednesday
15205,Jabalpur,20,05:37,TERMINATED,0,2026-06-10,2026-06-11,0,Wednesday
22453,Lucknow Ne,1,ORIGIN,14:31,6,2026-06-10,2026-06-10,0,Wednesday
22453,Balamu Jn,2,15:27,15:35,0,2026-06-10,2026-06-10,0,Wednesday
22453,Hardoi,3,16:03,16:09,3,2026-06-10,2026-06-10,0,Wednesday
22453,Shahjehanpur,4,17:09,17:13,5,2026-06-10,2026-06-10,0,Wednesday
22453,Bareilly,5,18:37,18:42,20,2026-06-10,2026-06-10,0,Wednesday
22453,Rampur,6,19:42,19:45,28,2026-06-10,2026-06-10,0,Wednesday
22453,Moradabad,7,20:18,20:30,15,2026-06-10,2026-06-10,0,Wednesday
22453,Amroha,8,20:56,20:58,14,2026-06-10,2026-06-10,0,Wednesday
22453,Hapur,9,21:55,22:02,24,2026-06-10,2026-06-10,0,Wednesday
22453,Meerut City,10,22:28,TERMINATED,0,2026-06-10,2026-06-10,0,Wednesday
22545,Lucknow Ne,1,ORIGIN,05:20,5,2026-06-10,2026-06-10,0,Wednesday
22545,Shahjehanpur,2,07:31,07:36,0,2026-06-10,2026-06-10,0,Wednesday
22545,Bareilly,3,08:47,08:50,18,2026-06-10,2026-06-10,0,Wednesday
22545,Moradabad,4,10:02,10:11,19,2026-06-10,2026-06-10,0,Wednesday
22545,Najibabad Jn,5,11:21,11:24,14,2026-06-10,2026-06-10,0,Wednesday
22545,Haridwar Jn,6,12:11,12:22,12,2026-06-10,2026-06-10,0,Wednesday
22545,Dehradun,7,13:45,TERMINATED,5,2026-06-10,2026-06-10,0,Wednesday
82501,Lucknow Ne,1,ORIGIN,06:10,0,2026-06-10,2026-06-10,0,Wednesday
82501,Kanpur Central,2,07:26,07:31,6,2026-06-10,2026-06-10,0,Wednesday
82501,Tundla Jn,3,09:48,09:50,8,2026-06-10,2026-06-10,0,Wednesday
82501,Ghaziabad,4,11:50,11:57,3,2026-06-10,2026-06-10,0,Wednesday
82501,New Delhi,5,12:46,TERMINATED,11,2026-06-10,2026-06-10,0,Wednesday
55345,Lucknow Ne,1,ORIGIN,04:44,14,2026-06-10,2026-06-10,0,Wednesday
55345,MANAK NAGAR,2,04:59,05:00,14,2026-06-10,2026-06-10,0,Wednesday
55345,Amausi,3,05:12,05:13,14,2026-06-10,2026-06-10,0,Wednesday
55345,Piparsand,4,05:22,05:23,14,2026-06-10,2026-06-10,0,Wednesday
55345,Harauni,5,05:31,05:32,14,2026-06-10,2026-06-10,0,Wednesday
55345,Jaitipur,6,05:52,05:53,26,2026-06-10,2026-06-10,0,Wednesday
55345,KUSUMBHI,7,06:07,06:08,34,2026-06-10,2026-06-10,0,Wednesday
55345,Ajgain,8,06:13,06:14,33,2026-06-10,2026-06-10,0,Wednesday
55345,Sonik,9,06:44,06:45,55,2026-06-10,2026-06-10,0,Wednesday
55345,Unnao Jn,10,07:22,07:23,82,2026-06-10,2026-06-10,0,Wednesday
55345,MAGARWARA,11,07:26,07:27,72,2026-06-10,2026-06-10,0,Wednesday
55345,Kanpur Bge L Bk,12,07:41,07:42,73,2026-06-10,2026-06-10,0,Wednesday
55345,Kanpur Central,13,08:02,08:12,77,2026-06-10,2026-06-10,0,Wednesday
55345,Kanpur Anwrganj,14,08:22,08:24,74,2026-06-10,2026-06-10,0,Wednesday
55345,Rawatpur,15,08:33,08:35,75,2026-06-10,2026-06-10,0,Wednesday
55345,Kalianpur,16,08:41,08:44,74,2026-06-10,2026-06-10,0,Wednesday
55345,Mandhana Jn,17,08:52,08:54,74,2026-06-10,2026-06-10,0,Wednesday
55345,CHAUBEPUR,18,09:03,09:09,79,2026-06-10,2026-06-10,0,Wednesday
55345,Barrajpur,19,09:19,09:21,79,2026-06-10,2026-06-10,0,Wednesday
55345,UTRIPURA,20,09:29,09:33,83,2026-06-10,2026-06-10,0,Wednesday
55345,DHAURSALAR,21,09:51,09:53,96,2026-06-10,2026-06-10,0,Wednesday
55345,Bilhaur,22,10:00,10:02,92,2026-06-10,2026-06-10,0,Wednesday
55345,BAKOTHIKHAS,23,10:10,10:11,94,2026-06-10,2026-06-10,0,Wednesday
55345,Araul Makanpur,24,10:17,10:19,89,2026-06-10,2026-06-10,0,Wednesday
55345,GANGAWAPUR HALT,25,10:26,10:27,91,2026-06-10,2026-06-10,0,Wednesday
55345,Mani Mau,26,10:33,10:34,90,2026-06-10,2026-06-10,0,Wednesday
55345,Kannauj,27,10:43,10:45,85,2026-06-10,2026-06-10,0,Wednesday
55345,Kannauj City,28,10:55,10:56,91,2026-06-10,2026-06-10,0,Wednesday
55345,Jlalpr Panwara,29,,,84,2026-06-10,2026-06-10,0,Wednesday
55345,JASODA,30,10:58,11:00,81,2026-06-10,2026-06-10,0,Wednesday
55345,KHUDLAPUR,31,11:02,11:03,78,2026-06-10,2026-06-10,0,Wednesday
55345,Gursahaiganj,32,11:06,11:08,73,2026-06-10,2026-06-10,0,Wednesday
55345,Malikpur,33,11:08,11:09,67,2026-06-10,2026-06-10,0,Wednesday
55345,KHUDAGANJ,34,,11:09,59,2026-06-10,2026-06-10,0,Wednesday
55345,SINGHIRAMPUR,35,11:11,11:12,56,2026-06-10,2026-06-10,0,Wednesday
55345,Kamalganj,36,11:32,11:34,54,2026-06-10,2026-06-10,0,Wednesday
55345,YAQUTGANJ,37,11:38,11:39,51,2026-06-10,2026-06-10,0,Wednesday
55345,Fatehgarh,38,12:05,12:07,47,2026-06-10,2026-06-10,0,Wednesday
55345,Farrukhabad,39,12:29,12:34,39,2026-06-10,2026-06-10,0,Wednesday
55345,Harsingpur Goba,40,13:12,13:14,68,2026-06-10,2026-06-10,0,Wednesday
55345,SHUKARULLAHPUR,41,13:18,13:19,67,2026-06-10,2026-06-10,0,Wednesday
55345,SHAMSABAD,42,13:23,13:25,66,2026-06-10,2026-06-10,0,Wednesday
55345,BHATASA,43,13:32,13:33,66,2026-06-10,2026-06-10,0,Wednesday
55345,Kaimganj,44,13:40,13:42,66,2026-06-10,2026-06-10,0,Wednesday
55345,Kampil Road,45,13:50,13:52,66,2026-06-10,2026-06-10,0,Wednesday
55345,Rudain,46,13:59,14:01,66,2026-06-10,2026-06-10,0,Wednesday
55345,Ballupur,47,14:22,14:23,82,2026-06-10,2026-06-10,0,Wednesday
55345,DARYAOGONJ,48,14:56,14:58,108,2026-06-10,2026-06-10,0,Wednesday
55345,NARTHAR,49,15:02,15:03,105,2026-06-10,2026-06-10,0,Wednesday
55345,PATIALI,50,15:08,15:10,103,2026-06-10,2026-06-10,0,Wednesday
55345,Ganj Dundwara,51,15:16,15:18,98,2026-06-10,2026-06-10,0,Wednesday
55345,GARKHA,52,15:27,15:28,100,2026-06-10,2026-06-10,0,Wednesday
55345,Sahawar Town,53,15:36,15:38,98,2026-06-10,2026-06-10,0,Wednesday
55345,BADHARI KALAN,54,15:50,15:52,97,2026-06-10,2026-06-10,0,Wednesday
55345,Kasganj,55,16:12,TERMINATED,52,2026-06-10,2026-06-10,0,Wednesday
15032,Lucknow Ne,1,ORIGIN,16:27,22,2026-06-10,2026-06-10,0,Wednesday
15032,Badshahnagar,2,16:35,16:37,5,2026-06-10,2026-06-10,0,Wednesday
15032,Barabanki Jn,3,17:46,17:50,42,2026-06-10,2026-06-10,0,Wednesday
15032,Colonelganj,4,18:43,18:47,50,2026-06-10,2026-06-10,0,Wednesday
15032,Gonda Jn,5,19:22,19:26,53,2026-06-10,2026-06-10,0,Wednesday
15032,Mankapur Jn,6,20:05,20:07,70,2026-06-10,2026-06-10,0,Wednesday
15032,Babhnan,7,20:33,20:37,74,2026-06-10,2026-06-10,0,Wednesday
15032,Basti,8,21:08,21:13,83,2026-06-10,2026-06-10,0,Wednesday
15032,Khalilabad,9,21:36,21:38,83,2026-06-10,2026-06-10,0,Wednesday
15032,Sahjanwa,10,21:53,21:55,83,2026-06-10,2026-06-10,0,Wednesday
15032,Gorakhpur Jn,11,22:25,TERMINATED,55,2026-06-10,2026-06-10,0,Wednesday
15011,Lucknow Ne,1,ORIGIN,00:14,19,2026-06-10,2026-06-10,0,Wednesday
15011,Hardoi,2,01:55,02:01,27,2026-06-10,2026-06-11,0,Wednesday
15011,Shahjehanpur,3,02:51,02:54,21,2026-06-10,2026-06-11,0,Wednesday
15011,Chandausi Jn,4,05:20,05:25,23,2026-06-10,2026-06-11,0,Wednesday
15011,Moradabad,5,06:53,07:01,63,2026-06-10,2026-06-11,0,Wednesday
15011,Amroha,6,07:35,07:37,70,2026-06-10,2026-06-11,0,Wednesday
15011,Gajraula Jn,7,07:57,08:02,62,2026-06-10,2026-06-11,0,Wednesday
15011,Mandi Dhanaura,8,08:20,08:22,56,2026-06-10,2026-06-11,0,Wednesday
15011,Chand Siau,9,08:39,08:44,54,2026-06-10,2026-06-11,0,Wednesday
15011,Haldaur,10,08:59,09:04,49,2026-06-10,2026-06-11,0,Wednesday
15011,Bijnor,11,09:18,09:24,24,2026-06-10,2026-06-11,0,Wednesday
15011,Basi Kiratpur,12,09:35,09:41,11,2026-06-10,2026-06-11,0,Wednesday
15011,Muzzampur Nryn,13,10:02,10:48,3,2026-06-10,2026-06-11,0,Wednesday
15011,Laksar Jn,14,11:15,11:19,9,2026-06-10,2026-06-11,0,Wednesday
15011,Roorkee,15,11:33,11:39,11,2026-06-10,2026-06-11,0,Wednesday
15011,Saharanpur,16,12:15,12:31,1,2026-06-10,2026-06-11,0,Wednesday
15011,Yamunanagar Jud,17,12:57,12:59,1,2026-06-10,2026-06-11,0,Wednesday
15011,Jagadhri Wshop,18,13:08,13:11,5,2026-06-10,2026-06-11,0,Wednesday
15011,Ambala Cant Jn,19,13:47,14:27,12,2026-06-10,2026-06-11,0,Wednesday
15011,Chandigarh,20,15:16,TERMINATED,16,2026-06-10,2026-06-11,0,Wednesday
12419,Lucknow Nr,1,ORIGIN,05:53,8,2026-06-11,2026-06-11,0,Thursday
12419,Unnao Jn,2,06:51,06:58,11,2026-06-11,2026-06-11,0,Thursday
12419,Kanpur Central,3,07:33,07:41,6,2026-06-11,2026-06-11,0,Thursday
12419,Panki Dham,4,08:01,08:02,6,2026-06-11,2026-06-11,0,Thursday
12419,Rura,5,08:28,08:29,9,2026-06-11,2026-06-11,0,Thursday
12419,Jhinjhak,6,08:43,08:45,10,2026-06-11,2026-06-11,0,Thursday
12419,Phaphund,7,09:00,09:01,11,2026-06-11,2026-06-11,0,Thursday
12419,Bharthana,8,09:24,09:26,11,2026-06-11,2026-06-11,0,Thursday
12419,Etawah Jn,9,09:41,09:43,8,2026-06-11,2026-06-11,0,Thursday
12419,Shikohabad Jn,10,10:20,10:22,14,2026-06-11,2026-06-11,0,Thursday
12419,Firozabad,11,10:45,10:47,20,2026-06-11,2026-06-11,0,Thursday
12419,Tundla Jn,12,11:02,11:10,5,2026-06-11,2026-06-11,0,Thursday
12419,Hathras Jn,13,11:39,11:45,0,2026-06-11,2026-06-11,0,Thursday
12419,Aligarh Jn,14,12:06,12:13,3,2026-06-11,2026-06-11,0,Thursday
12419,Khurja Jn,15,12:41,12:45,5,2026-06-11,2026-06-11,0,Thursday
12419,Ghaziabad,16,14:11,14:18,3,2026-06-11,2026-06-11,0,Thursday
12419,New Delhi,17,15:07,TERMINATED,7,2026-06-11,2026-06-11,0,Thursday
12429,Lucknow Nr,1,ORIGIN,23:39,9,2026-06-11,2026-06-11,0,Thursday
12429,Shahjehanpur,2,02:00,02:02,3,2026-06-11,2026-06-12,0,Thursday
12429,Bareilly,3,03:17,03:22,26,2026-06-11,2026-06-12,0,Thursday
12429,Moradabad,4,04:34,04:39,4,2026-06-11,2026-06-12,0,Thursday
12429,Ghaziabad,5,06:47,06:54,7,2026-06-11,2026-06-12,0,Thursday
12429,New Delhi,6,07:33,TERMINATED,3,2026-06-11,2026-06-12,0,Thursday
12231,Lucknow Nr,1,ORIGIN,22:34,9,2026-06-11,2026-06-11,0,Thursday
12231,Hardoi,2,23:56,00:06,2,2026-06-11,2026-06-11,0,Thursday
12231,Shahjehanpur,3,00:59,01:09,5,2026-06-11,2026-06-12,0,Thursday
12231,Bareilly,4,02:19,02:25,16,2026-06-11,2026-06-12,0,Thursday
12231,Moradabad,5,04:01,04:15,15,2026-06-11,2026-06-12,0,Thursday
12231,Seohara,6,04:57,05:00,19,2026-06-11,2026-06-12,0,Thursday
12231,Dhampur,7,05:17,05:19,24,2026-06-11,2026-06-12,0,Thursday
12231,Nagina,8,05:35,05:40,28,2026-06-11,2026-06-12,0,Thursday
12231,Najibabad Jn,9,05:56,05:59,27,2026-06-11,2026-06-12,0,Thursday
12231,Laksar Jn,10,06:31,06:34,31,2026-06-11,2026-06-12,0,Thursday
12231,Roorkee,11,06:51,06:55,33,2026-06-11,2026-06-12,0,Thursday
12231,Saharanpur,12,07:36,07:53,3,2026-06-11,2026-06-12,0,Thursday
12231,Yamunanagar Jud,13,08:22,08:24,6,2026-06-11,2026-06-12,0,Thursday
12231,Jagadhri Wshop,14,08:29,08:31,5,2026-06-11,2026-06-12,0,Thursday
12231,Ambala Cant Jn,15,09:35,09:40,20,2026-06-11,2026-06-12,0,Thursday
12231,Chandigarh,16,10:11,TERMINATED,6,2026-06-11,2026-06-12,0,Thursday
14203,Varanasi Jn,1,ORIGIN,17:58,8,2026-06-11,2026-06-11,1,Thursday
14203,Bhadohi,2,18:33,18:35,8,2026-06-11,2026-06-11,1,Thursday
14203,Suriawan,3,18:48,18:49,8,2026-06-11,2026-06-11,1,Thursday
14203,Janghai Jn,4,19:21,19:23,26,2026-06-11,2026-06-11,1,Thursday
14203,Badshahpur,5,19:50,19:51,37,2026-06-11,2026-06-11,1,Thursday
14203,Maa Barahi Devi Dham Dandupur,6,,,37,2026-06-11,2026-06-11,1,Thursday
14203,MA BELHADEVI DP,7,,,38,2026-06-11,2026-06-11,1,Thursday
14203,Amethi,8,,,40,2026-06-11,2026-06-11,1,Thursday
14203,Gauriganj,9,,,39,2026-06-11,2026-06-11,1,Thursday
14203,JAIS CITY,10,,,39,2026-06-11,2026-06-11,1,Thursday
14203,Rae Bareli Jn,11,,,44,2026-06-11,2026-06-11,1,Thursday
14203,Harchandpur,12,,,43,2026-06-11,2026-06-11,1,Thursday
14203,Bachhrawan,13,,,42,2026-06-11,2026-06-11,1,Thursday
14203,Lucknow Nr,14,,TERMINATED,35,2026-06-11,2026-06-11,1,Thursday
14204,Lucknow Nr,1,ORIGIN,06:35,0,2026-06-11,2026-06-11,1,Thursday
14204,Bachhrawan,2,07:26,07:27,0,2026-06-11,2026-06-11,1,Thursday
14204,Harchandpur,3,07:40,07:41,0,2026-06-11,2026-06-11,1,Thursday
14204,Rae Bareli Jn,4,07:58,08:00,0,2026-06-11,2026-06-11,1,Thursday
14204,JAIS CITY,5,08:28,08:29,0,2026-06-11,2026-06-11,1,Thursday
14204,Gauriganj,6,08:42,08:43,0,2026-06-11,2026-06-11,1,Thursday
14204,Amethi,7,08:54,08:56,0,2026-06-11,2026-06-11,1,Thursday
14204,MA BELHADEVI DP,8,09:34,09:36,3,2026-06-11,2026-06-11,1,Thursday
14204,Maa Barahi Devi Dham Dandupur,9,09:53,,5,2026-06-11,2026-06-11,1,Thursday
14204,Badshahpur,10,,,5,2026-06-11,2026-06-11,1,Thursday
14204,Janghai Jn,11,,,10,2026-06-11,2026-06-11,1,Thursday
14204,Suriawan,12,,,9,2026-06-11,2026-06-11,1,Thursday
14204,Bhadohi,13,,,12,2026-06-11,2026-06-11,1,Thursday
14204,LOHRA,14,,,1,2026-06-11,2026-06-11,1,Thursday
14204,Varanasi Jn,15,,TERMINATED,2,2026-06-11,2026-06-11,1,Thursday
14210,Lucknow Nr,1,ORIGIN,07:47,12,2026-06-11,2026-06-11,0,Thursday
14210,Nigohan,2,08:26,08:27,11,2026-06-11,2026-06-11,0,Thursday
14210,Bachhrawan,3,08:39,08:40,12,2026-06-11,2026-06-11,0,Thursday
14210,Harchandpur,4,09:04,09:05,22,2026-06-11,2026-06-11,0,Thursday
14210,Rae Bareli Jn,5,09:22,09:25,22,2026-06-11,2026-06-11,0,Thursday
14210,Unchahar Jn,6,10:18,10:19,36,2026-06-11,2026-06-11,0,Thursday
14210,Garhi Manikpur,7,10:41,10:42,40,2026-06-11,2026-06-11,0,Thursday
14210,Kunda Harnamgnj,8,10:47,10:48,34,2026-06-11,2026-06-11,0,Thursday
14210,Lalgopalganj,9,11:10,11:13,44,2026-06-11,2026-06-11,0,Thursday
14210,Prayag,10,11:52,11:57,37,2026-06-11,2026-06-11,0,Thursday
14210,Prayagrajsangam,11,12:16,TERMINATED,31,2026-06-11,2026-06-11,0,Thursday
14216,Lucknow Nr,1,ORIGIN,19:11,56,2026-06-11,2026-06-11,0,Thursday
14216,Bachhrawan,2,19:58,20:00,56,2026-06-11,2026-06-11,0,Thursday
14216,Rae Bareli Jn,3,20:30,20:37,62,2026-06-11,2026-06-11,0,Thursday
14216,Lachhmanpur,4,21:03,21:06,67,2026-06-11,2026-06-11,0,Thursday
14216,Unchahar Jn,5,21:20,21:22,64,2026-06-11,2026-06-11,0,Thursday
14216,Pariawan K.k.rd,6,21:34,21:36,64,2026-06-11,2026-06-11,0,Thursday
14216,Garhi Manikpur,7,21:46,21:49,67,2026-06-11,2026-06-11,0,Thursday
14216,Kunda Harnamgnj,8,21:58,22:01,67,2026-06-11,2026-06-11,0,Thursday
14216,Lalgopalganj,9,22:12,22:15,66,2026-06-11,2026-06-11,0,Thursday
14216,Phaphamau Jn,10,22:39,22:43,53,2026-06-11,2026-06-11,0,Thursday
14216,Prayag,11,22:56,23:01,56,2026-06-11,2026-06-11,0,Thursday
14216,Prayagrajsangam,12,23:20,TERMINATED,55,2026-06-11,2026-06-11,0,Thursday
14228,Lucknow Nr,1,ORIGIN,17:50,0,2026-06-11,2026-06-11,1,Thursday
14228,ANUPGANJ,2,09:46,09:46,927,2026-06-11,2026-06-12,1,Thursday
14228,Haidergarh,3,,,941,2026-06-11,2026-06-12,1,Thursday
14228,Maharaja Bijli Pasi Nihalgarh,4,,,952,2026-06-11,2026-06-12,1,Thursday
14228,Musafir Khana,5,,,960,2026-06-11,2026-06-12,1,Thursday
14228,Sultanpur,6,,,965,2026-06-11,2026-06-12,1,Thursday
14228,Lambhua,7,,,968,2026-06-11,2026-06-12,1,Thursday
14228,Koiripur,8,,,970,2026-06-11,2026-06-12,1,Thursday
14228,Srikrishn Nagar,9,,,973,2026-06-11,2026-06-12,1,Thursday
14228,Jaunpur City,10,,,978,2026-06-11,2026-06-12,1,Thursday
14228,Jalalganj,11,,,975,2026-06-11,2026-06-12,1,Thursday
14228,Babatpur,12,,,966,2026-06-11,2026-06-12,1,Thursday
14228,Varanasi Jn,13,,TERMINATED,971,2026-06-11,2026-06-12,1,Thursday
14262,Lucknow Nr,1,ORIGIN,00:13,18,2026-06-11,2026-06-11,0,Thursday
14262,Sultanpur,2,01:49,02:12,2,2026-06-11,2026-06-12,0,Thursday
14262,Jaunpur City,3,03:28,03:30,5,2026-06-11,2026-06-12,0,Thursday
14262,Varanasi Jn,4,05:29,05:40,0,2026-06-11,2026-06-12,0,Thursday
14262,Dd Upadhyaya Jn,5,07:14,07:27,2,2026-06-11,2026-06-12,0,Thursday
14262,Bhabua Road,6,08:21,08:23,15,2026-06-11,2026-06-12,0,Thursday
14262,Sasaram,7,09:00,09:03,21,2026-06-11,2026-06-12,0,Thursday
14262,Dehri On Sone,8,09:20,09:22,22,2026-06-11,2026-06-12,0,Thursday
14262,Anugraha N Road,9,09:38,09:40,23,2026-06-11,2026-06-12,0,Thursday
14262,Gaya Jn,10,11:14,TERMINATED,29,2026-06-11,2026-06-12,0,Thursday
20402,Lucknow Nr,1,ORIGIN,18:13,13,2026-06-11,2026-06-11,0,Thursday
20402,Maharaja Bijli Pasi Nihalgarh,2,19:16,19:19,4,2026-06-11,2026-06-11,0,Thursday
20402,Musafir Khana,3,19:32,19:33,9,2026-06-11,2026-06-11,0,Thursday
20402,Sultanpur,4,20:01,20:04,14,2026-06-11,2026-06-11,0,Thursday
20402,Lambhua,5,20:26,20:27,17,2026-06-11,2026-06-11,0,Thursday
20402,Srikrishn Nagar,6,20:54,20:58,23,2026-06-11,2026-06-11,0,Thursday
20402,Jaunpur City,7,21:17,21:19,23,2026-06-11,2026-06-11,0,Thursday
20402,Jalalganj,8,21:59,22:00,37,2026-06-11,2026-06-11,0,Thursday
20402,Pindra Road,9,22:22,22:23,44,2026-06-11,2026-06-11,0,Thursday
20402,Shiupur,10,22:37,22:38,28,2026-06-11,2026-06-11,0,Thursday
20402,Varanasi Jn,11,22:54,TERMINATED,14,2026-06-11,2026-06-11,0,Thursday
22684,Lucknow Nr,1,ORIGIN,18:40,0,2026-06-11,2026-06-11,1,Thursday
22684,Rae Bareli Jn,2,22:13,22:21,121,2026-06-11,2026-06-11,1,Thursday
22684,Amethi,3,23:09,23:11,123,2026-06-11,2026-06-11,1,Thursday
22684,MA BELHADEVI DP,4,23:51,23:59,129,2026-06-11,2026-06-11,1,Thursday
22684,Prayagraj Jn.,5,00:42,01:02,17,2026-06-11,2026-06-12,1,Thursday
22684,Manikpur,6,03:40,03:45,75,2026-06-11,2026-06-12,1,Thursday
22684,Satna,7,05:00,05:05,100,2026-06-11,2026-06-12,1,Thursday
22684,Katni,8,06:38,06:47,127,2026-06-11,2026-06-12,1,Thursday
22684,Jabalpur,9,08:25,08:35,135,2026-06-11,2026-06-12,1,Thursday
22684,Narsinghpur,10,09:33,09:42,137,2026-06-11,2026-06-12,1,Thursday
22684,Pipariya,11,11:10,11:13,163,2026-06-11,2026-06-12,1,Thursday
22684,Itarsi Jn,12,13:19,13:32,187,2026-06-11,2026-06-12,1,Thursday
22684,Betul,13,14:52,14:55,164,2026-06-11,2026-06-12,1,Thursday
22684,Nagpur,14,18:41,18:51,221,2026-06-11,2026-06-12,1,Thursday
22684,Sevagram,15,20:28,20:30,245,2026-06-11,2026-06-12,1,Thursday
22684,Balharshah,16,22:12,22:17,202,2026-06-11,2026-06-12,1,Thursday
22684,Sirpur Kagazngr,17,23:13,23:17,207,2026-06-11,2026-06-12,1,Thursday
22684,Ramagundam,18,00:27,00:29,229,2026-06-11,2026-06-13,1,Thursday
22684,Kazipet Jn,19,02:16,02:18,253,2026-06-11,2026-06-13,1,Thursday
22684,Malkajgiri,20,04:34,04:37,237,2026-06-11,2026-06-13,1,Thursday
22684,Kacheguda,21,05:11,05:30,260,2026-06-11,2026-06-13,1,Thursday
22684,Mahbubnagar,22,06:55,07:00,260,2026-06-11,2026-06-13,1,Thursday
22684,Mahabubnagar To,23,07:06,07:06,263,2026-06-11,2026-06-13,1,Thursday
22684,Gadwal,24,08:32,08:33,263,2026-06-11,2026-06-13,1,Thursday
22684,Kurnool City,25,09:22,09:24,224,2026-06-11,2026-06-13,1,Thursday
22684,Dhone,26,09:50,09:55,175,2026-06-11,2026-06-13,1,Thursday
22684,Gooty,27,10:56,10:58,163,2026-06-11,2026-06-13,1,Thursday
22684,Anantapur,28,11:45,11:47,157,2026-06-11,2026-06-13,1,Thursday
22684,Dharmavaram Jn,29,12:26,12:31,151,2026-06-11,2026-06-13,1,Thursday
22684,Hindupur,30,13:57,13:58,178,2026-06-11,2026-06-13,1,Thursday
22684,Yelhanka Jn,31,14:55,14:57,165,2026-06-11,2026-06-13,1,Thursday
22684,Yesvantpur Jn,32,15:36,TERMINATED,141,2026-06-11,2026-06-13,1,Thursday
11110,Lucknow Ne,1,ORIGIN,18:48,128,2026-06-11,2026-06-11,0,Thursday
11110,Unnao Jn,2,19:44,19:46,132,2026-06-11,2026-06-11,0,Thursday
11110,Kanpur Central,3,20:11,20:19,124,2026-06-11,2026-06-11,0,Thursday
11110,Govindpuri,4,20:33,20:35,120,2026-06-11,2026-06-11,0,Thursday
11110,Pokhrayan,5,21:12,21:16,111,2026-06-11,2026-06-11,0,Thursday
11110,Kalpi,6,21:26,21:27,107,2026-06-11,2026-06-11,0,Thursday
11110,Orai,7,21:59,22:04,117,2026-06-11,2026-06-11,0,Thursday
11110,Ait,8,22:21,22:22,115,2026-06-11,2026-06-11,0,Thursday
11110,Moth,9,22:52,22:53,121,2026-06-11,2026-06-11,0,Thursday
11110,Chirgaon,10,23:12,23:13,122,2026-06-11,2026-06-11,0,Thursday
11110,V Lakshmibai Jhansi Jhs,11,00:12,TERMINATED,97,2026-06-11,2026-06-12,0,Thursday
11408,Lucknow Ne,1,ORIGIN,06:34,4,2026-06-11,2026-06-11,0,Thursday
11408,Kanpur Central,2,09:02,09:18,58,2026-06-11,2026-06-11,0,Thursday
11408,Orai,3,11:20,11:41,102,2026-06-11,2026-06-11,0,Thursday
11408,V Lakshmibai Jhansi Jhs,4,13:52,14:07,94,2026-06-11,2026-06-11,0,Thursday
11408,Bina Jn,5,16:03,16:10,35,2026-06-11,2026-06-11,0,Thursday
11408,Bhopal  Jn,6,18:02,18:14,49,2026-06-11,2026-06-11,0,Thursday
11408,Rani Kamalapati,7,18:23,18:28,42,2026-06-11,2026-06-11,0,Thursday
11408,Narmadapuram,8,19:43,19:47,62,2026-06-11,2026-06-11,0,Thursday
11408,Itarsi Jn,9,20:16,20:29,69,2026-06-11,2026-06-11,0,Thursday
11408,Khandwa,10,23:18,23:20,30,2026-06-11,2026-06-11,0,Thursday
11408,Bhusaval Jn,11,01:06,01:17,27,2026-06-11,2026-06-12,0,Thursday
11408,Jalgaon Jn,12,02:06,02:19,67,2026-06-11,2026-06-12,0,Thursday
11408,Manmad Jn,13,04:13,04:20,70,2026-06-11,2026-06-12,0,Thursday
11408,Kopargaon,14,05:05,05:08,53,2026-06-11,2026-06-12,0,Thursday
11408,Ahilyanagar,15,06:46,06:53,8,2026-06-11,2026-06-12,0,Thursday
11408,Daund Chord Lin,16,08:56,09:15,0,2026-06-11,2026-06-12,0,Thursday
11408,Pune Jn,17,10:44,TERMINATED,0,2026-06-11,2026-06-12,0,Thursday
12003,Lucknow Ne,1,ORIGIN,15:38,8,2026-06-11,2026-06-11,0,Thursday
12003,Unnao Jn,2,16:32,16:34,13,2026-06-11,2026-06-11,0,Thursday
12003,Kanpur Central,3,16:57,17:03,10,2026-06-11,2026-06-11,0,Thursday
12003,Phaphund,4,18:03,18:04,16,2026-06-11,2026-06-11,0,Thursday
12003,Etawah Jn,5,18:33,18:35,15,2026-06-11,2026-06-11,0,Thursday
12003,Tundla Jn,6,19:34,19:38,10,2026-06-11,2026-06-11,0,Thursday
12003,Aligarh Jn,7,20:20,20:23,6,2026-06-11,2026-06-11,0,Thursday
12003,Ghaziabad,8,21:31,21:40,0,2026-06-11,2026-06-11,0,Thursday
12003,New Delhi,9,22:16,TERMINATED,0,2026-06-11,2026-06-11,0,Thursday
12179,Lucknow Ne,1,ORIGIN,16:07,12,2026-06-11,2026-06-11,0,Thursday
12179,Unnao Jn,2,16:50,16:51,5,2026-06-11,2026-06-11,0,Thursday
12179,Kanpur Central,3,17:23,17:31,11,2026-06-11,2026-06-11,0,Thursday
12179,Panki Dham,4,17:50,17:51,7,2026-06-11,2026-06-11,0,Thursday
12179,Rura,5,18:12,18:14,9,2026-06-11,2026-06-11,0,Thursday
12179,Jhinjhak,6,18:25,18:28,9,2026-06-11,2026-06-11,0,Thursday
12179,Phaphund,7,18:42,18:45,11,2026-06-11,2026-06-11,0,Thursday
12179,Bharthana,8,19:05,19:08,8,2026-06-11,2026-06-11,0,Thursday
12179,Etawah Jn,9,19:20,19:22,2,2026-06-11,2026-06-11,0,Thursday
12179,Shikohabad Jn,10,19:53,19:57,0,2026-06-11,2026-06-11,0,Thursday
12179,Firozabad,11,20:14,20:18,1,2026-06-11,2026-06-11,0,Thursday
12179,Tundla Jn,12,20:33,20:51,1,2026-06-11,2026-06-11,0,Thursday
12179,Yamuna Bdg Agra,13,21:15,21:19,9,2026-06-11,2026-06-11,0,Thursday
12179,Agra Fort,14,21:28,TERMINATED,0,2026-06-11,2026-06-11,0,Thursday
12229,Lucknow Nr,1,ORIGIN,22:20,20,2026-06-11,2026-06-11,0,Thursday
12229,Hardoi,2,23:34,23:36,0,2026-06-11,2026-06-11,0,Thursday
12229,Shahjehanpur,3,00:39,00:43,7,2026-06-11,2026-06-12,0,Thursday
12229,Bareilly,4,01:50,01:55,13,2026-06-11,2026-06-12,0,Thursday
12229,Rampur,5,02:42,02:49,19,2026-06-11,2026-06-12,0,Thursday
12229,Moradabad,6,03:38,03:49,16,2026-06-11,2026-06-12,0,Thursday
12229,Hapur,7,05:04,05:09,9,2026-06-11,2026-06-12,0,Thursday
12229,Ghaziabad,8,05:49,06:00,5,2026-06-11,2026-06-12,0,Thursday
12229,New Delhi,9,06:54,TERMINATED,0,2026-06-11,2026-06-12,0,Thursday
12532,Lucknow Ne,1,ORIGIN,16:13,1448,2026-06-11,2026-06-11,1,Thursday
12532,Badshahnagar,2,16:38,16:40,1448,2026-06-11,2026-06-12,1,Thursday
12532,Barabanki Jn,3,17:32,17:34,1466,2026-06-11,2026-06-12,1,Thursday
12532,Colonelganj,4,18:57,18:59,1500,2026-06-11,2026-06-12,1,Thursday
12532,Gonda Kachahri,5,19:36,19:36,1507,2026-06-11,2026-06-12,1,Thursday
12532,Gonda Jn,6,,,1507,2026-06-11,2026-06-12,1,Thursday
12532,Mankapur Jn,7,,,1510,2026-06-11,2026-06-12,1,Thursday
12532,Babhnan,8,,,1516,2026-06-11,2026-06-12,1,Thursday
12532,Basti,9,,,1520,2026-06-11,2026-06-12,1,Thursday
12532,Khalilabad,10,,,1523,2026-06-11,2026-06-12,1,Thursday
12532,Sahjanwa,11,,,1522,2026-06-11,2026-06-12,1,Thursday
12532,Gorakhpur Jn,12,,TERMINATED,1506,2026-06-11,2026-06-12,1,Thursday
12533,Gomati Nagar,1,ORIGIN,20:51,6,2026-06-11,2026-06-11,0,Thursday
12533,Badshahnagar,2,20:54,21:00,0,2026-06-11,2026-06-11,0,Thursday
12533,Aishbagh,3,21:18,21:25,0,2026-06-11,2026-06-11,0,Thursday
12533,Unnao Jn,4,22:32,22:34,12,2026-06-11,2026-06-11,0,Thursday
12533,Kanpur Central,5,23:00,23:10,0,2026-06-11,2026-06-11,0,Thursday
12533,Orai,6,00:43,00:46,7,2026-06-11,2026-06-12,0,Thursday
12533,V Lakshmibai Jhansi Jhs,7,03:12,03:20,32,2026-06-11,2026-06-12,0,Thursday
12533,Lalitpur Jn,8,04:23,04:25,23,2026-06-11,2026-06-12,0,Thursday
12533,Bhopal  Jn,9,07:09,07:19,9,2026-06-11,2026-06-12,0,Thursday
12533,Rani Kamalapati,10,07:31,07:35,11,2026-06-11,2026-06-12,0,Thursday
12533,Itarsi Jn,11,09:03,09:09,9,2026-06-11,2026-06-12,0,Thursday
12533,Khandwa,12,11:40,12:06,11,2026-06-11,2026-06-12,0,Thursday
12533,Bhusaval Jn,13,13:51,13:56,6,2026-06-11,2026-06-12,0,Thursday
12533,Manmad Jn,14,16:10,16:17,2,2026-06-11,2026-06-12,0,Thursday
12533,Nashik Road,15,17:34,17:39,16,2026-06-11,2026-06-12,0,Thursday
12533,Igatpuri,16,18:36,18:49,22,2026-06-11,2026-06-12,0,Thursday
12533,Kalyan Jn,17,20:39,20:42,32,2026-06-11,2026-06-12,0,Thursday
12533,Dadar,18,21:47,22:00,60,2026-06-11,2026-06-12,0,Thursday
12533,C Shivaji Mah T,19,22:21,TERMINATED,0,2026-06-11,2026-06-12,0,Thursday
12535,Lucknow Ne,1,ORIGIN,14:23,13,2026-06-11,2026-06-11,0,Thursday
12535,Kanpur Central,2,15:34,15:45,0,2026-06-11,2026-06-11,0,Thursday
12535,Ragaul,3,17:20,17:22,4,2026-06-11,2026-06-11,0,Thursday
12535,Banda Jn,4,18:12,18:18,13,2026-06-11,2026-06-11,0,Thursday
12535,Atarra,5,18:48,18:50,6,2026-06-11,2026-06-11,0,Thursday
12535,Chitrakutdham K,6,19:19,19:22,10,2026-06-11,2026-06-11,0,Thursday
12535,Satna,7,21:25,21:32,12,2026-06-11,2026-06-11,0,Thursday
12535,Katni,8,23:15,23:30,30,2026-06-11,2026-06-11,0,Thursday
12535,Shahdol,9,02:15,02:19,27,2026-06-11,2026-06-12,0,Thursday
12535,Anuppur Jn,10,03:01,03:06,28,2026-06-11,2026-06-12,0,Thursday
12535,Pendra Road,11,04:01,04:06,46,2026-06-11,2026-06-12,0,Thursday
12535,Uslapur,12,06:21,06:33,68,2026-06-11,2026-06-12,0,Thursday
12535,Bhatapara,13,08:10,08:12,124,2026-06-11,2026-06-12,0,Thursday
12535,Raipur Jn,14,09:35,TERMINATED,140,2026-06-11,2026-06-12,0,Thursday
12583,Lucknow Ne,1,ORIGIN,04:57,2,2026-06-11,2026-06-11,0,Thursday
12583,Bareilly,2,08:24,08:32,13,2026-06-11,2026-06-11,0,Thursday
12583,Moradabad,3,09:49,10:02,23,2026-06-11,2026-06-11,0,Thursday
12583,Ghaziabad,4,12:21,12:24,10,2026-06-11,2026-06-11,0,Thursday
12583,Anand Vihar TRM,5,12:53,TERMINATED,0,2026-06-11,2026-06-11,0,Thursday
15008,Lucknow Ne,1,ORIGIN,23:13,3,2026-06-11,2026-06-11,0,Thursday
15008,Lucknow City,2,23:29,23:31,3,2026-06-11,2026-06-11,0,Thursday
15008,Badshahnagar,3,23:48,23:51,3,2026-06-11,2026-06-11,0,Thursday
15008,Barabanki Jn,4,00:26,00:29,7,2026-06-11,2026-06-12,0,Thursday
15008,Burhwal,5,00:52,00:54,6,2026-06-11,2026-06-12,0,Thursday
15008,Gonda Jn,6,02:19,02:27,12,2026-06-11,2026-06-12,0,Thursday
15008,Mankapur Jn,7,03:06,03:08,27,2026-06-11,2026-06-12,0,Thursday
15008,Maskanwa,8,03:26,03:28,31,2026-06-11,2026-06-12,0,Thursday
15008,Babhnan,9,03:42,03:44,30,2026-06-11,2026-06-12,0,Thursday
15008,Basti,10,04:15,04:19,36,2026-06-11,2026-06-12,0,Thursday
15008,Khalilabad,11,04:42,04:44,14,2026-06-11,2026-06-12,0,Thursday
15008,Maghar,12,04:56,04:58,16,2026-06-11,2026-06-12,0,Thursday
15008,Sihapar,13,05:01,05:02,10,2026-06-11,2026-06-12,0,Thursday
15008,Sahjanwa,14,05:09,05:13,12,2026-06-11,2026-06-12,0,Thursday
15008,Jagatbela,15,05:27,05:29,15,2026-06-11,2026-06-12,0,Thursday
15008,Domingarh,16,05:37,05:39,11,2026-06-11,2026-06-12,0,Thursday
15008,Gorakhpur Jn,17,05:50,06:15,0,2026-06-11,2026-06-12,0,Thursday
15008,Gorakhpur Cant,18,06:26,06:35,0,2026-06-11,2026-06-12,0,Thursday
15008,Chauri Chaura,19,06:59,07:04,2,2026-06-11,2026-06-12,0,Thursday
15008,Gauri Bazar,20,07:16,07:33,16,2026-06-11,2026-06-12,0,Thursday
15008,Deoria Sadar,21,07:59,08:07,27,2026-06-11,2026-06-12,0,Thursday
15008,Bhatni Jn,22,08:29,08:33,30,2026-06-11,2026-06-12,0,Thursday
15008,Salempur Jn,23,08:48,08:51,29,2026-06-11,2026-06-12,0,Thursday
15008,Lar Road,24,09:02,09:04,29,2026-06-11,2026-06-12,0,Thursday
15008,Belthara Road,25,09:46,09:48,48,2026-06-11,2026-06-12,0,Thursday
15008,Kirihrapur,26,09:57,09:59,39,2026-06-11,2026-06-12,0,Thursday
15008,Indara Jn,27,10:24,10:26,49,2026-06-11,2026-06-12,0,Thursday
15008,Mau Jn,28,10:40,10:45,50,2026-06-11,2026-06-12,0,Thursday
15008,Dullahapur,29,11:00,11:02,40,2026-06-11,2026-06-12,0,Thursday
15008,Jakhanian,30,11:11,11:17,43,2026-06-11,2026-06-12,0,Thursday
15008,Sadat,31,11:28,11:30,42,2026-06-11,2026-06-12,0,Thursday
15008,Aunrihar Jn,32,11:46,11:49,39,2026-06-11,2026-06-12,0,Thursday
15008,Sarnath,33,12:03,12:05,18,2026-06-11,2026-06-12,0,Thursday
15008,Varanasi City,34,12:21,TERMINATED,6,2026-06-11,2026-06-12,0,Thursday
15043,Lucknow Ne,1,ORIGIN,23:37,12,2026-06-11,2026-06-11,0,Thursday
15043,Bareilly,2,03:42,04:19,6,2026-06-11,2026-06-12,0,Thursday
15043,Bareilly City,3,04:28,04:36,1,2026-06-11,2026-06-12,0,Thursday
15043,Izzatnagar,4,04:50,04:55,0,2026-06-11,2026-06-12,0,Thursday
15043,Bhojipura Jn,5,05:37,05:39,9,2026-06-11,2026-06-12,0,Thursday
15043,Baheri,6,05:59,06:04,1,2026-06-11,2026-06-12,0,Thursday
15043,Kichha,7,06:40,06:42,14,2026-06-11,2026-06-12,0,Thursday
15043,Pantnagar,8,06:54,06:57,12,2026-06-11,2026-06-12,0,Thursday
15043,Lal Kuan,9,07:10,07:17,17,2026-06-11,2026-06-12,0,Thursday
15043,Haldwani,10,07:41,07:46,6,2026-06-11,2026-06-12,0,Thursday
15043,Kathgodam,11,07:54,TERMINATED,0,2026-06-11,2026-06-12,0,Thursday
15204,Lucknow Ne,1,ORIGIN,15:15,0,2026-06-11,2026-06-11,0,Thursday
15204,Lucknow City,2,15:31,15:35,2,2026-06-11,2026-06-11,0,Thursday
15204,Badshahnagar,3,15:42,15:59,6,2026-06-11,2026-06-11,0,Thursday
15204,Gomati Nagar,4,16:10,16:12,11,2026-06-11,2026-06-11,0,Thursday
15204,Barabanki Jn,5,16:42,16:46,6,2026-06-11,2026-06-11,0,Thursday
15204,Burhwal,6,17:16,17:19,13,2026-06-11,2026-06-11,0,Thursday
15204,Jarwal Road,7,17:40,18:04,39,2026-06-11,2026-06-11,0,Thursday
15204,Colonelganj,8,18:23,19:04,81,2026-06-11,2026-06-11,0,Thursday
15204,Gonda Jn,9,20:06,20:12,112,2026-06-11,2026-06-11,0,Thursday
15204,Mankapur Jn,10,20:45,20:49,125,2026-06-11,2026-06-11,0,Thursday
15204,Maskanwa,11,21:03,21:19,139,2026-06-11,2026-06-11,0,Thursday
15204,Babhnan,12,21:32,21:36,136,2026-06-11,2026-06-11,0,Thursday
15204,Basti,13,21:57,22:00,120,2026-06-11,2026-06-11,0,Thursday
15204,Munderwa,14,22:13,22:18,122,2026-06-11,2026-06-11,0,Thursday
15204,Khalilabad,15,22:33,22:35,123,2026-06-11,2026-06-11,0,Thursday
15204,Sahjanwa,16,22:48,22:55,123,2026-06-11,2026-06-11,0,Thursday
15204,Gorakhpur Jn,17,23:57,00:12,132,2026-06-11,2026-06-11,0,Thursday
15204,Gorakhpur Cant,18,00:23,00:25,125,2026-06-11,2026-06-12,0,Thursday
15204,Chauri Chaura,19,00:54,00:58,133,2026-06-11,2026-06-12,0,Thursday
15204,Gauri Bazar,20,01:08,01:11,131,2026-06-11,2026-06-12,0,Thursday
15204,Deoria Sadar,21,01:25,01:31,126,2026-06-11,2026-06-12,0,Thursday
15204,Bhatni Jn,22,01:48,01:54,126,2026-06-11,2026-06-12,0,Thursday
15204,Bhatpar Rani,23,02:05,02:07,119,2026-06-11,2026-06-12,0,Thursday
15204,Mairwa,24,02:20,02:23,121,2026-06-11,2026-06-12,0,Thursday
15204,Siwan Jn,25,02:42,02:47,122,2026-06-11,2026-06-12,0,Thursday
15204,Ekma,26,03:10,03:14,117,2026-06-11,2026-06-12,0,Thursday
15204,Chhapra,27,03:40,03:50,85,2026-06-11,2026-06-12,0,Thursday
15204,Dighwara,28,04:14,04:17,75,2026-06-11,2026-06-12,0,Thursday
15204,Sonpur Jn,29,04:42,04:47,72,2026-06-11,2026-06-12,0,Thursday
15204,Hajipur Jn,30,04:57,05:03,73,2026-06-11,2026-06-12,0,Thursday
15204,Muzaffarpur Jn,31,05:48,05:54,69,2026-06-11,2026-06-12,0,Thursday
15204,Dholi,32,06:19,06:22,69,2026-06-11,2026-06-12,0,Thursday
15204,Khudiram B Pusa,33,06:37,06:40,70,2026-06-11,2026-06-12,0,Thursday
15204,Samastipur Jn,34,07:02,07:08,58,2026-06-11,2026-06-12,0,Thursday
15204,Dalsingh Sarai,35,07:39,07:41,66,2026-06-11,2026-06-12,0,Thursday
15204,Bachwara Jn,36,07:54,07:56,67,2026-06-11,2026-06-12,0,Thursday
15204,Barauni Jn,37,08:37,TERMINATED,37,2026-06-11,2026-06-12,0,Thursday
15205,Lucknow Ne,1,ORIGIN,17:41,11,2026-06-11,2026-06-11,0,Thursday
15205,Unnao Jn,2,18:36,18:38,10,2026-06-11,2026-06-11,0,Thursday
15205,Kanpur Central,3,19:02,19:18,13,2026-06-11,2026-06-11,0,Thursday
15205,Ghatampur,4,20:17,20:29,25,2026-06-11,2026-06-11,0,Thursday
15205,Hamirpur Road,5,20:47,20:49,28,2026-06-11,2026-06-11,0,Thursday
15205,Bharwa Sumerpur,6,21:10,21:12,30,2026-06-11,2026-06-11,0,Thursday
15205,Ragaul,7,21:34,21:36,37,2026-06-11,2026-06-11,0,Thursday
15205,Banda Jn,8,22:33,22:42,37,2026-06-11,2026-06-11,0,Thursday
15205,Khurhand,9,23:05,23:07,42,2026-06-11,2026-06-11,0,Thursday
15205,Atarra,10,23:21,23:28,49,2026-06-11,2026-06-11,0,Thursday
15205,Chitrakutdham K,11,23:54,23:56,34,2026-06-11,2026-06-11,0,Thursday
15205,Majhagawan,12,01:04,01:10,0,2026-06-11,2026-06-12,0,Thursday
15205,Jaitwar,13,01:32,01:34,4,2026-06-11,2026-06-12,0,Thursday
15205,Satna,14,01:50,02:01,6,2026-06-11,2026-06-12,0,Thursday
15205,Unchhera,15,02:22,02:24,14,2026-06-11,2026-06-12,0,Thursday
15205,Maihar,16,02:40,02:42,17,2026-06-11,2026-06-12,0,Thursday
15205,Jukehi,17,03:27,03:29,24,2026-06-11,2026-06-12,0,Thursday
15205,Katni,18,03:50,04:04,19,2026-06-11,2026-06-12,0,Thursday
15205,Sihora Road,19,04:55,04:57,27,2026-06-11,2026-06-12,0,Thursday
15205,Jabalpur,20,05:35,TERMINATED,0,2026-06-11,2026-06-12,0,Thursday
22453,Lucknow Ne,1,ORIGIN,14:50,25,2026-06-11,2026-06-11,0,Thursday
22453,Balamu Jn,2,15:35,15:40,5,2026-06-11,2026-06-11,0,Thursday
22453,Hardoi,3,16:01,16:09,3,2026-06-11,2026-06-11,0,Thursday
22453,Shahjehanpur,4,16:59,17:12,4,2026-06-11,2026-06-11,0,Thursday
22453,Bareilly,5,18:37,18:44,22,2026-06-11,2026-06-11,0,Thursday
22453,Rampur,6,19:31,19:35,18,2026-06-11,2026-06-11,0,Thursday
22453,Moradabad,7,20:05,20:17,2,2026-06-11,2026-06-11,0,Thursday
22453,Amroha,8,20:45,20:48,4,2026-06-11,2026-06-11,0,Thursday
22453,Hapur,9,21:39,21:45,7,2026-06-11,2026-06-11,0,Thursday
22453,Meerut City,10,22:21,TERMINATED,0,2026-06-11,2026-06-11,0,Thursday
22545,Lucknow Ne,1,ORIGIN,05:28,13,2026-06-11,2026-06-11,0,Thursday
22545,Shahjehanpur,2,07:46,07:48,12,2026-06-11,2026-06-11,0,Thursday
22545,Bareilly,3,08:42,08:44,12,2026-06-11,2026-06-11,0,Thursday
22545,Moradabad,4,09:58,10:03,11,2026-06-11,2026-06-11,0,Thursday
22545,Najibabad Jn,5,11:23,11:25,15,2026-06-11,2026-06-11,0,Thursday
22545,Haridwar Jn,6,12:17,12:24,14,2026-06-11,2026-06-11,0,Thursday
22545,Dehradun,7,13:56,TERMINATED,16,2026-06-11,2026-06-11,0,Thursday
82501,Lucknow Ne,1,ORIGIN,06:16,6,2026-06-11,2026-06-11,0,Thursday
82501,Kanpur Central,2,07:18,07:28,3,2026-06-11,2026-06-11,0,Thursday
82501,Tundla Jn,3,09:43,09:45,3,2026-06-11,2026-06-11,0,Thursday
82501,Ghaziabad,4,11:50,11:57,3,2026-06-11,2026-06-11,0,Thursday
82501,New Delhi,5,12:51,TERMINATED,16,2026-06-11,2026-06-11,0,Thursday
55345,Lucknow Ne,1,ORIGIN,04:31,1,2026-06-11,2026-06-11,0,Thursday
55345,Manak Nagar,2,04:46,05:08,22,2026-06-11,2026-06-11,0,Thursday
55345,Amausi,3,05:22,05:23,24,2026-06-11,2026-06-11,0,Thursday
55345,Piparsand,4,05:33,05:34,25,2026-06-11,2026-06-11,0,Thursday
55345,Harauni,5,05:44,05:45,27,2026-06-11,2026-06-11,0,Thursday
55345,Jaitipur,6,05:55,05:57,30,2026-06-11,2026-06-11,0,Thursday
55345,Kusumbhi,7,06:01,06:02,28,2026-06-11,2026-06-11,0,Thursday
55345,Ajgain,8,06:11,06:53,72,2026-06-11,2026-06-11,0,Thursday
55345,Sonik,9,07:03,07:05,75,2026-06-11,2026-06-11,0,Thursday
55345,Unnao Jn,10,07:15,07:18,77,2026-06-11,2026-06-11,0,Thursday
55345,Magarwara,11,07:26,07:28,73,2026-06-11,2026-06-11,0,Thursday
55345,Kanpur Bge L Bk,12,07:40,07:42,73,2026-06-11,2026-06-11,0,Thursday
55345,Kanpur Central,13,07:55,08:02,67,2026-06-11,2026-06-11,0,Thursday
55345,Kanpur Anwrganj,14,08:12,08:17,67,2026-06-11,2026-06-11,0,Thursday
55345,Rawatpur,15,08:40,08:41,81,2026-06-11,2026-06-11,0,Thursday
55345,Kalianpur,16,08:45,08:46,76,2026-06-11,2026-06-11,0,Thursday
55345,Mandhana Jn,17,08:50,08:51,71,2026-06-11,2026-06-11,0,Thursday
55345,Chaubepur,18,08:59,09:00,70,2026-06-11,2026-06-11,0,Thursday
55345,Barrajpur,19,09:11,09:23,81,2026-06-11,2026-06-11,0,Thursday
55345,Utripura,20,09:33,09:46,96,2026-06-11,2026-06-11,0,Thursday
55345,Dhaursalar,21,,,55,2026-06-11,2026-06-11,0,Thursday
55345,Bilhaur,22,10:00,10:02,92,2026-06-11,2026-06-11,0,Thursday
55345,Bakothikhas,23,,,46,2026-06-11,2026-06-11,0,Thursday
55345,Araul Makanpur,24,10:18,10:19,89,2026-06-11,2026-06-11,0,Thursday
55345,Gangawapur Halt,25,,,42,2026-06-11,2026-06-11,0,Thursday
55345,Mani Mau,26,,,42,2026-06-11,2026-06-11,0,Thursday
55345,Kannauj,27,10:39,10:41,81,2026-06-11,2026-06-11,0,Thursday
55345,Kannauj City,28,,,41,2026-06-11,2026-06-11,0,Thursday
55345,Jlalpr Panwara,29,,,41,2026-06-11,2026-06-11,0,Thursday
55345,Jasoda,30,10:58,11:12,93,2026-06-11,2026-06-11,0,Thursday
55345,Khudlapur,31,,,47,2026-06-11,2026-06-11,0,Thursday
55345,Gursahaiganj,32,11:24,11:27,92,2026-06-11,2026-06-11,0,Thursday
55345,Malikpur,33,,,25,2026-06-11,2026-06-11,0,Thursday
55345,Khudaganj,34,11:40,11:54,104,2026-06-11,2026-06-11,0,Thursday
55345,Singhirampur,35,,,39,2026-06-11,2026-06-11,0,Thursday
55345,Kamalganj,36,,,34,2026-06-11,2026-06-11,0,Thursday
55345,Yaqutganj,37,,,34,2026-06-11,2026-06-11,0,Thursday
55345,Fatehgarh,38,12:23,12:25,65,2026-06-11,2026-06-11,0,Thursday
55345,Farrukhabad,39,12:38,12:43,48,2026-06-11,2026-06-11,0,Thursday
55345,Harsingpur Goba,40,12:55,12:57,51,2026-06-11,2026-06-11,0,Thursday
55345,Shukarullahpur,41,,,29,2026-06-11,2026-06-11,0,Thursday
55345,Shamsabad,42,13:07,13:09,50,2026-06-11,2026-06-11,0,Thursday
55345,Bhatasa,43,,,28,2026-06-11,2026-06-11,0,Thursday
55345,Kaimganj,44,13:23,13:25,49,2026-06-11,2026-06-11,0,Thursday
55345,Kampil Road,45,13:33,13:35,49,2026-06-11,2026-06-11,0,Thursday
55345,Rudain,46,13:43,14:22,87,2026-06-11,2026-06-11,0,Thursday
55345,Ballupur,47,,,55,2026-06-11,2026-06-11,0,Thursday
55345,Daryaogonj,48,14:36,14:38,88,2026-06-11,2026-06-11,0,Thursday
55345,Narthar,49,,,41,2026-06-11,2026-06-11,0,Thursday
55345,Patiali,50,14:53,14:54,87,2026-06-11,2026-06-11,0,Thursday
55345,Ganj Dundwara,51,15:02,15:04,84,2026-06-11,2026-06-11,0,Thursday
55345,Garkha,52,,,42,2026-06-11,2026-06-11,0,Thursday
55345,Sahawar Town,53,15:20,15:22,82,2026-06-11,2026-06-11,0,Thursday
55345,Badhari Kalan,54,15:33,15:35,80,2026-06-11,2026-06-11,0,Thursday
55345,Kasganj,55,15:57,TERMINATED,37,2026-06-11,2026-06-11,0,Thursday
15032,Lucknow Ne,1,ORIGIN,16:12,7,2026-06-11,2026-06-11,0,Thursday
15032,Badshahnagar,2,16:34,16:38,6,2026-06-11,2026-06-11,0,Thursday
15032,Barabanki Jn,3,17:19,17:23,15,2026-06-11,2026-06-11,0,Thursday
15032,Colonelganj,4,18:18,18:22,25,2026-06-11,2026-06-11,0,Thursday
15032,Gonda Jn,5,19:20,19:26,53,2026-06-11,2026-06-11,0,Thursday
15032,Mankapur Jn,6,19:56,19:58,61,2026-06-11,2026-06-11,0,Thursday
15032,Babhnan,7,20:30,20:32,69,2026-06-11,2026-06-11,0,Thursday
15032,Basti,8,20:57,21:02,72,2026-06-11,2026-06-11,0,Thursday
15032,Khalilabad,9,21:34,21:36,81,2026-06-11,2026-06-11,0,Thursday
15032,Sahjanwa,10,21:54,22:00,88,2026-06-11,2026-06-11,0,Thursday
15032,Gorakhpur Jn,11,22:25,TERMINATED,55,2026-06-11,2026-06-11,0,Thursday
15011,Lucknow Ne,1,ORIGIN,00:11,16,2026-06-11,2026-06-11,0,Thursday
15011,Hardoi,2,01:59,02:01,27,2026-06-11,2026-06-12,0,Thursday
15011,Shahjehanpur,3,02:40,02:42,9,2026-06-11,2026-06-12,0,Thursday
15011,Chandausi Jn,4,07:36,07:44,162,2026-06-11,2026-06-12,0,Thursday
15011,Moradabad,5,08:46,08:55,177,2026-06-11,2026-06-12,0,Thursday
15011,Amroha,6,09:25,09:29,182,2026-06-11,2026-06-12,0,Thursday
15011,Gajraula Jn,7,09:51,09:56,176,2026-06-11,2026-06-12,0,Thursday
15011,Mandi Dhanaura,8,10:11,10:13,167,2026-06-11,2026-06-12,0,Thursday
15011,Chand Siau,9,10:35,10:47,177,2026-06-11,2026-06-12,0,Thursday
15011,Haldaur,10,11:03,11:05,170,2026-06-11,2026-06-12,0,Thursday
15011,Bijnor,11,11:18,11:23,143,2026-06-11,2026-06-12,0,Thursday
15011,Basi Kiratpur,12,11:36,11:40,130,2026-06-11,2026-06-12,0,Thursday
15011,Muzzampur Nryn,13,11:51,12:44,119,2026-06-11,2026-06-12,0,Thursday
15011,Laksar Jn,14,13:14,13:22,132,2026-06-11,2026-06-12,0,Thursday
15011,Roorkee,15,13:42,13:44,136,2026-06-11,2026-06-12,0,Thursday
15011,Saharanpur,16,14:38,14:48,138,2026-06-11,2026-06-12,0,Thursday
15011,Yamunanagar Jud,17,15:11,15:13,135,2026-06-11,2026-06-12,0,Thursday
15011,Jagadhri Wshop,18,15:21,15:23,137,2026-06-11,2026-06-12,0,Thursday
15011,Ambala Cant Jn,19,16:20,16:37,142,2026-06-11,2026-06-12,0,Thursday
15011,Chandigarh,20,17:24,TERMINATED,144,2026-06-11,2026-06-12,0,Thursday
12419,Lucknow Nr,1,ORIGIN,05:59,14,2026-06-12,2026-06-12,0,Friday
12419,Unnao Jn,2,06:46,06:58,11,2026-06-12,2026-06-12,0,Friday
12419,Kanpur Central,3,07:37,07:42,7,2026-06-12,2026-06-12,0,Friday
12419,Panki Dham,4,07:57,08:00,4,2026-06-12,2026-06-12,0,Friday
12419,Rura,5,08:31,08:35,15,2026-06-12,2026-06-12,0,Friday
12419,Jhinjhak,6,08:48,08:49,14,2026-06-12,2026-06-12,0,Friday
12419,Phaphund,7,09:07,09:09,19,2026-06-12,2026-06-12,0,Friday
12419,Bharthana,8,09:32,09:35,20,2026-06-12,2026-06-12,0,Friday
12419,Etawah Jn,9,09:50,09:52,17,2026-06-12,2026-06-12,0,Friday
12419,Shikohabad Jn,10,10:32,10:34,26,2026-06-12,2026-06-12,0,Friday
12419,Firozabad,11,10:54,10:57,30,2026-06-12,2026-06-12,0,Friday
12419,Tundla Jn,12,11:15,11:27,22,2026-06-12,2026-06-12,0,Friday
12419,Hathras Jn,13,11:59,12:01,16,2026-06-12,2026-06-12,0,Friday
12419,Aligarh Jn,14,12:39,12:44,34,2026-06-12,2026-06-12,0,Friday
12419,Khurja Jn,15,13:09,13:13,33,2026-06-12,2026-06-12,0,Friday
12419,Ghaziabad,16,14:05,14:17,2,2026-06-12,2026-06-12,0,Friday
12419,New Delhi,17,14:53,TERMINATED,0,2026-06-12,2026-06-12,0,Friday
12429,Lucknow Nr,1,ORIGIN,23:37,7,2026-06-12,2026-06-12,0,Friday
12429,Shahjehanpur,2,02:07,02:09,10,2026-06-12,2026-06-13,0,Friday
12429,Bareilly,3,03:13,03:15,19,2026-06-12,2026-06-13,0,Friday
12429,Moradabad,4,04:44,04:49,14,2026-06-12,2026-06-13,0,Friday
12429,Ghaziabad,5,06:44,06:50,3,2026-06-12,2026-06-13,0,Friday
12429,New Delhi,6,07:32,TERMINATED,2,2026-06-12,2026-06-13,0,Friday
12231,Lucknow Nr,1,ORIGIN,22:55,30,2026-06-12,2026-06-12,0,Friday
12231,Hardoi,2,00:32,00:34,30,2026-06-12,2026-06-13,0,Friday
12231,Shahjehanpur,3,01:28,01:30,26,2026-06-12,2026-06-13,0,Friday
12231,Bareilly,4,02:51,02:56,47,2026-06-12,2026-06-13,0,Friday
12231,Moradabad,5,04:34,04:42,42,2026-06-12,2026-06-13,0,Friday
12231,Seohara,6,05:16,05:20,39,2026-06-12,2026-06-13,0,Friday
12231,Dhampur,7,05:35,05:37,42,2026-06-12,2026-06-13,0,Friday
12231,Nagina,8,05:52,05:57,45,2026-06-12,2026-06-13,0,Friday
12231,Najibabad Jn,9,06:14,06:18,46,2026-06-12,2026-06-13,0,Friday
12231,Laksar Jn,10,06:49,07:10,67,2026-06-12,2026-06-13,0,Friday
12231,Roorkee,11,07:30,07:32,70,2026-06-12,2026-06-13,0,Friday
12231,Saharanpur,12,08:06,08:16,26,2026-06-12,2026-06-13,0,Friday
12231,Yamunanagar Jud,13,08:34,08:36,18,2026-06-12,2026-06-13,0,Friday
12231,Jagadhri Wshop,14,08:46,08:49,23,2026-06-12,2026-06-13,0,Friday
12231,Ambala Cant Jn,15,09:35,09:45,25,2026-06-12,2026-06-13,0,Friday
12231,Chandigarh,16,10:40,TERMINATED,35,2026-06-12,2026-06-13,0,Friday
12540,Lucknow Nr,1,ORIGIN,21:00,35,2026-06-12,2026-06-12,1,Friday
12540,Rae Bareli Jn,2,22:06,22:11,26,2026-06-12,2026-06-12,1,Friday
12540,Amethi,3,22:55,22:57,24,2026-06-12,2026-06-12,1,Friday
12540,MA BELHADEVI DP,4,23:27,23:44,19,2026-06-12,2026-06-12,1,Friday
12540,Prayagraj Jn.,5,00:57,01:53,18,2026-06-12,2026-06-13,1,Friday
12540,Manikpur,6,04:11,04:16,51,2026-06-12,2026-06-13,1,Friday
12540,Satna,7,05:21,05:28,63,2026-06-12,2026-06-13,1,Friday
12540,Jabalpur,8,08:29,08:43,98,2026-06-12,2026-06-13,1,Friday
12540,Itarsi Jn,9,12:08,12:24,84,2026-06-12,2026-06-13,1,Friday
12540,Nagpur,10,17:19,17:40,135,2026-06-12,2026-06-13,1,Friday
12540,Balharshah,11,21:03,21:13,123,2026-06-12,2026-06-13,1,Friday
12540,Warangal,12,01:25,01:34,164,2026-06-12,2026-06-14,1,Friday
12540,Vijayawada Jn,13,04:20,04:30,140,2026-06-12,2026-06-14,1,Friday
12540,Tettu,14,07:12,07:12,119,2026-06-12,2026-06-14,1,Friday
12540,Perambur,15,10:52,10:57,107,2026-06-12,2026-06-14,1,Friday
12540,Katpadi Jn,16,12:36,12:51,106,2026-06-12,2026-06-14,1,Friday
12540,Jolarpettai,17,14:18,14:20,105,2026-06-12,2026-06-14,1,Friday
12540,Bangarapet,18,15:14,15:16,111,2026-06-12,2026-06-14,1,Friday
12540,Yesvantpur Jn,19,17:23,TERMINATED,98,2026-06-12,2026-06-14,1,Friday
14203,Varanasi Jn,1,ORIGIN,17:54,4,2026-06-12,2026-06-12,1,Friday
14203,Bhadohi,2,18:29,18:31,4,2026-06-12,2026-06-12,1,Friday
14203,Suriawan,3,18:42,18:43,2,2026-06-12,2026-06-12,1,Friday
14203,Janghai Jn,4,19:02,19:04,7,2026-06-12,2026-06-12,1,Friday
14203,Nibhapur,5,19:15,19:15,9,2026-06-12,2026-06-12,1,Friday
14203,Badshahpur,6,,,9,2026-06-12,2026-06-12,1,Friday
14203,Maa Barahi Devi Dham Dandupur,7,,,11,2026-06-12,2026-06-12,1,Friday
14203,MA BELHADEVI DP,8,,,12,2026-06-12,2026-06-12,1,Friday
14203,Amethi,9,,,14,2026-06-12,2026-06-12,1,Friday
14203,Gauriganj,10,,,13,2026-06-12,2026-06-12,1,Friday
14203,JAIS CITY,11,,,13,2026-06-12,2026-06-12,1,Friday
14203,Rae Bareli Jn,12,,,18,2026-06-12,2026-06-12,1,Friday
14203,Harchandpur,13,,,17,2026-06-12,2026-06-12,1,Friday
14203,Bachhrawan,14,,,16,2026-06-12,2026-06-12,1,Friday
14203,Lucknow Nr,15,,TERMINATED,9,2026-06-12,2026-06-12,1,Friday
14204,Lucknow Nr,1,ORIGIN,07:18,43,2026-06-12,2026-06-12,1,Friday
14204,Bachhrawan,2,08:09,08:10,43,2026-06-12,2026-06-12,1,Friday
14204,Harchandpur,3,08:23,08:24,43,2026-06-12,2026-06-12,1,Friday
14204,Rae Bareli Jn,4,08:41,08:43,43,2026-06-12,2026-06-12,1,Friday
14204,JAIS CITY,5,09:11,09:12,43,2026-06-12,2026-06-12,1,Friday
14204,Gauriganj,6,09:25,09:26,43,2026-06-12,2026-06-12,1,Friday
14204,Amethi,7,09:43,09:45,49,2026-06-12,2026-06-12,1,Friday
14204,MA BELHADEVI DP,8,10:13,10:15,42,2026-06-12,2026-06-12,1,Friday
14204,Maa Barahi Devi Dham Dandupur,9,10:36,10:37,47,2026-06-12,2026-06-12,1,Friday
14204,Badshahpur,10,11:07,11:08,59,2026-06-12,2026-06-12,1,Friday
14204,Janghai Jn,11,11:38,11:40,72,2026-06-12,2026-06-12,1,Friday
14204,Suriawan,12,12:10,12:11,85,2026-06-12,2026-06-12,1,Friday
14204,Bhadohi,13,12:28,12:30,90,2026-06-12,2026-06-12,1,Friday
14204,LOHRA,14,13:02,13:04,93,2026-06-12,2026-06-12,1,Friday
14204,Varanasi Jn,15,,TERMINATED,93,2026-06-12,2026-06-12,1,Friday
14210,Lucknow Nr,1,ORIGIN,07:38,3,2026-06-12,2026-06-12,0,Friday
14210,Nigohan,2,08:17,08:18,2,2026-06-12,2026-06-12,0,Friday
14210,Bachhrawan,3,08:28,08:29,1,2026-06-12,2026-06-12,0,Friday
14210,Harchandpur,4,08:42,08:43,0,2026-06-12,2026-06-12,0,Friday
14210,Rae Bareli Jn,5,09:02,09:10,7,2026-06-12,2026-06-12,0,Friday
14210,Unchahar Jn,6,09:44,09:45,2,2026-06-12,2026-06-12,0,Friday
14210,Garhi Manikpur,7,10:16,10:17,15,2026-06-12,2026-06-12,0,Friday
14210,Kunda Harnamgnj,8,10:28,10:29,15,2026-06-12,2026-06-12,0,Friday
14210,Lalgopalganj,9,10:43,10:47,18,2026-06-12,2026-06-12,0,Friday
14210,Prayag,10,11:23,11:29,9,2026-06-12,2026-06-12,0,Friday
14210,Prayagrajsangam,11,15:12,TERMINATED,207,2026-06-12,2026-06-12,0,Friday
14216,Lucknow Nr,1,ORIGIN,18:31,16,2026-06-12,2026-06-12,0,Friday
14216,Bachhrawan,2,19:25,19:26,22,2026-06-12,2026-06-12,0,Friday
14216,Rae Bareli Jn,3,20:01,20:04,29,2026-06-12,2026-06-12,0,Friday
14216,Lachhmanpur,4,20:22,20:23,24,2026-06-12,2026-06-12,0,Friday
14216,Unchahar Jn,5,20:59,21:02,44,2026-06-12,2026-06-12,0,Friday
14216,Pariawan K.k.rd,6,21:15,21:16,44,2026-06-12,2026-06-12,0,Friday
14216,Garhi Manikpur,7,21:26,21:27,45,2026-06-12,2026-06-12,0,Friday
14216,Kunda Harnamgnj,8,21:40,21:41,47,2026-06-12,2026-06-12,0,Friday
14216,Lalgopalganj,9,21:55,21:56,47,2026-06-12,2026-06-12,0,Friday
14216,Phaphamau Jn,10,22:21,22:23,33,2026-06-12,2026-06-12,0,Friday
14216,Prayag,11,22:38,22:40,35,2026-06-12,2026-06-12,0,Friday
14216,Prayagrajsangam,12,23:02,TERMINATED,37,2026-06-12,2026-06-12,0,Friday
20402,Lucknow Nr,1,ORIGIN,18:13,13,2026-06-12,2026-06-12,0,Friday
20402,Maharaja Bijli Pasi Nihalgarh,2,19:09,19:15,0,2026-06-12,2026-06-12,0,Friday
20402,Musafir Khana,3,19:27,19:28,4,2026-06-12,2026-06-12,0,Friday
20402,Sultanpur,4,19:50,19:57,7,2026-06-12,2026-06-12,0,Friday
20402,Lambhua,5,20:15,20:17,7,2026-06-12,2026-06-12,0,Friday
20402,Srikrishn Nagar,6,20:44,20:47,12,2026-06-12,2026-06-12,0,Friday
20402,Jaunpur City,7,21:05,21:08,12,2026-06-12,2026-06-12,0,Friday
20402,Jalalganj,8,21:31,21:32,9,2026-06-12,2026-06-12,0,Friday
20402,Pindra Road,9,21:44,21:45,6,2026-06-12,2026-06-12,0,Friday
20402,Shiupur,10,22:00,22:10,0,2026-06-12,2026-06-12,0,Friday
20402,Varanasi Jn,11,22:27,TERMINATED,0,2026-06-12,2026-06-12,0,Friday
11110,Lucknow Ne,1,ORIGIN,17:21,41,2026-06-12,2026-06-12,0,Friday
11110,Unnao Jn,2,18:44,18:55,81,2026-06-12,2026-06-12,0,Friday
11110,Kanpur Central,3,19:19,19:32,77,2026-06-12,2026-06-12,0,Friday
11110,Govindpuri,4,19:39,19:41,66,2026-06-12,2026-06-12,0,Friday
11110,Pokhrayan,5,20:24,20:26,61,2026-06-12,2026-06-12,0,Friday
11110,Kalpi,6,20:38,20:39,59,2026-06-12,2026-06-12,0,Friday
11110,Orai,7,21:04,21:06,59,2026-06-12,2026-06-12,0,Friday
11110,Ait,8,21:26,21:27,60,2026-06-12,2026-06-12,0,Friday
11110,Moth,9,21:53,21:54,62,2026-06-12,2026-06-12,0,Friday
11110,Chirgaon,10,22:14,22:15,64,2026-06-12,2026-06-12,0,Friday
11110,V Lakshmibai Jhansi Jhs,11,22:59,TERMINATED,24,2026-06-12,2026-06-12,0,Friday
12003,Lucknow Ne,1,ORIGIN,15:39,9,2026-06-12,2026-06-12,0,Friday
12003,Unnao Jn,2,16:20,16:22,1,2026-06-12,2026-06-12,0,Friday
12003,Kanpur Central,3,16:44,16:53,0,2026-06-12,2026-06-12,0,Friday
12003,Phaphund,4,17:57,17:59,11,2026-06-12,2026-06-12,0,Friday
12003,Etawah Jn,5,18:30,18:33,13,2026-06-12,2026-06-12,0,Friday
12003,Tundla Jn,6,19:35,19:39,11,2026-06-12,2026-06-12,0,Friday
12003,Aligarh Jn,7,20:21,20:26,9,2026-06-12,2026-06-12,0,Friday
12003,Ghaziabad,8,21:58,22:05,25,2026-06-12,2026-06-12,0,Friday
12003,New Delhi,9,22:48,TERMINATED,23,2026-06-12,2026-06-12,0,Friday
12179,Lucknow Ne,1,ORIGIN,16:11,16,2026-06-12,2026-06-12,0,Friday
12179,Unnao Jn,2,16:55,16:59,13,2026-06-12,2026-06-12,0,Friday
12179,Kanpur Central,3,17:22,17:30,10,2026-06-12,2026-06-12,0,Friday
12179,Panki Dham,4,18:00,18:03,19,2026-06-12,2026-06-12,0,Friday
12179,Rura,5,18:22,18:23,18,2026-06-12,2026-06-12,0,Friday
12179,Jhinjhak,6,18:38,18:41,22,2026-06-12,2026-06-12,0,Friday
12179,Phaphund,7,18:55,18:58,24,2026-06-12,2026-06-12,0,Friday
12179,Bharthana,8,19:20,19:21,21,2026-06-12,2026-06-12,0,Friday
12179,Etawah Jn,9,19:37,19:39,19,2026-06-12,2026-06-12,0,Friday
12179,Shikohabad Jn,10,20:14,20:19,22,2026-06-12,2026-06-12,0,Friday
12179,Firozabad,11,20:46,20:48,31,2026-06-12,2026-06-12,0,Friday
12179,Tundla Jn,12,21:05,21:11,21,2026-06-12,2026-06-12,0,Friday
12179,Yamuna Bdg Agra,13,21:34,21:43,33,2026-06-12,2026-06-12,0,Friday
12179,Agra Fort,14,21:53,TERMINATED,4,2026-06-12,2026-06-12,0,Friday
12229,Lucknow Nr,1,ORIGIN,22:14,14,2026-06-12,2026-06-12,0,Friday
12229,Hardoi,2,23:30,23:39,3,2026-06-12,2026-06-12,0,Friday
12229,Shahjehanpur,3,00:28,00:39,3,2026-06-12,2026-06-13,0,Friday
12229,Bareilly,4,01:49,01:54,12,2026-06-12,2026-06-13,0,Friday
12229,Rampur,5,02:40,02:42,12,2026-06-12,2026-06-13,0,Friday
12229,Moradabad,6,03:17,03:33,0,2026-06-12,2026-06-13,0,Friday
12229,Hapur,7,04:49,05:00,0,2026-06-12,2026-06-13,0,Friday
12229,Ghaziabad,8,05:46,05:58,3,2026-06-12,2026-06-13,0,Friday
12229,New Delhi,9,07:07,TERMINATED,12,2026-06-12,2026-06-13,0,Friday
12532,Lucknow Ne,1,ORIGIN,16:14,9,2026-06-12,2026-06-12,1,Friday
12532,Badshahnagar,2,16:39,16:41,9,2026-06-12,2026-06-12,1,Friday
12532,Barabanki Jn,3,17:16,17:18,10,2026-06-12,2026-06-12,1,Friday
12532,Colonelganj,4,18:29,18:31,32,2026-06-12,2026-06-12,1,Friday
12532,Gonda Jn,5,18:58,19:01,23,2026-06-12,2026-06-12,1,Friday
12532,Mankapur Jn,6,19:46,19:48,42,2026-06-12,2026-06-12,1,Friday
12532,Babhnan,7,20:23,20:25,53,2026-06-12,2026-06-12,1,Friday
12532,Govindnagar,8,20:46,20:46,53,2026-06-12,2026-06-12,1,Friday
12532,Basti,9,,,53,2026-06-12,2026-06-12,1,Friday
12532,Khalilabad,10,,,56,2026-06-12,2026-06-12,1,Friday
12532,Sahjanwa,11,,,55,2026-06-12,2026-06-12,1,Friday
12532,Gorakhpur Jn,12,,TERMINATED,39,2026-06-12,2026-06-12,1,Friday
12533,Gomati Nagar,1,ORIGIN,20:52,7,2026-06-12,2026-06-12,0,Friday
12533,Badshahnagar,2,20:56,21:01,1,2026-06-12,2026-06-12,0,Friday
12533,Aishbagh,3,21:20,21:25,0,2026-06-12,2026-06-12,0,Friday
12533,Unnao Jn,4,22:22,22:25,3,2026-06-12,2026-06-12,0,Friday
12533,Kanpur Central,5,22:51,23:22,12,2026-06-12,2026-06-12,0,Friday
12533,Orai,6,00:53,00:55,16,2026-06-12,2026-06-13,0,Friday
12533,V Lakshmibai Jhansi Jhs,7,02:30,02:49,1,2026-06-12,2026-06-13,0,Friday
12533,Lalitpur Jn,8,04:00,04:02,0,2026-06-12,2026-06-13,0,Friday
12533,Bhopal  Jn,9,06:57,07:11,1,2026-06-12,2026-06-13,0,Friday
12533,Rani Kamalapati,10,07:32,07:41,17,2026-06-12,2026-06-13,0,Friday
12533,Itarsi Jn,11,09:11,09:22,22,2026-06-12,2026-06-13,0,Friday
12533,Khandwa,12,11:51,11:55,0,2026-06-12,2026-06-13,0,Friday
12533,Bhusaval Jn,13,13:53,14:04,14,2026-06-12,2026-06-13,0,Friday
12533,Manmad Jn,14,16:32,16:38,23,2026-06-12,2026-06-13,0,Friday
12533,Nashik Road,15,17:35,17:40,17,2026-06-12,2026-06-13,0,Friday
12533,Igatpuri,16,18:20,18:30,3,2026-06-12,2026-06-13,0,Friday
12533,Kalyan Jn,17,20:06,20:14,4,2026-06-12,2026-06-13,0,Friday
12533,Dadar,18,21:00,21:13,13,2026-06-12,2026-06-13,0,Friday
12533,C Shivaji Mah T,19,21:34,TERMINATED,0,2026-06-12,2026-06-13,0,Friday
12583,Lucknow Ne,1,ORIGIN,04:56,1,2026-06-12,2026-06-12,0,Friday
12583,Bareilly,2,08:31,08:35,16,2026-06-12,2026-06-12,0,Friday
12583,Moradabad,3,09:45,09:53,14,2026-06-12,2026-06-12,0,Friday
12583,Ghaziabad,4,12:12,12:15,1,2026-06-12,2026-06-12,0,Friday
12583,Anand Vihar TRM,5,12:44,TERMINATED,0,2026-06-12,2026-06-12,0,Friday
15008,Lucknow Ne,1,ORIGIN,23:10,0,2026-06-12,2026-06-12,0,Friday
15008,Lucknow City,2,23:26,23:28,0,2026-06-12,2026-06-12,0,Friday
15008,Badshahnagar,3,23:44,23:48,0,2026-06-12,2026-06-12,0,Friday
15008,Barabanki Jn,4,00:28,00:30,8,2026-06-12,2026-06-13,0,Friday
15008,Burhwal,5,01:01,01:03,15,2026-06-12,2026-06-13,0,Friday
15008,Gonda Jn,6,02:36,02:43,28,2026-06-12,2026-06-13,0,Friday
15008,Mankapur Jn,7,03:15,03:18,37,2026-06-12,2026-06-13,0,Friday
15008,Maskanwa,8,03:33,03:35,38,2026-06-12,2026-06-13,0,Friday
15008,Babhnan,9,03:55,03:57,43,2026-06-12,2026-06-13,0,Friday
15008,Basti,10,04:24,04:35,52,2026-06-12,2026-06-13,0,Friday
15008,Khalilabad,11,04:54,04:56,26,2026-06-12,2026-06-13,0,Friday
15008,Maghar,12,05:06,05:08,26,2026-06-12,2026-06-13,0,Friday
15008,Sihapar,13,05:17,05:18,26,2026-06-12,2026-06-13,0,Friday
15008,Sahjanwa,14,05:25,05:27,26,2026-06-12,2026-06-13,0,Friday
15008,Jagatbela,15,05:37,05:40,26,2026-06-12,2026-06-13,0,Friday
15008,Domingarh,16,05:52,05:55,27,2026-06-12,2026-06-13,0,Friday
15008,Gorakhpur Jn,17,06:07,06:27,12,2026-06-12,2026-06-13,0,Friday
15008,Gorakhpur Cant,18,06:34,06:37,2,2026-06-12,2026-06-13,0,Friday
15008,Chauri Chaura,19,07:10,07:12,10,2026-06-12,2026-06-13,0,Friday
15008,Gauri Bazar,20,07:24,07:26,9,2026-06-12,2026-06-13,0,Friday
15008,Deoria Sadar,21,07:43,07:49,9,2026-06-12,2026-06-13,0,Friday
15008,Bhatni Jn,22,08:07,08:11,8,2026-06-12,2026-06-13,0,Friday
15008,Salempur Jn,23,08:24,08:32,10,2026-06-12,2026-06-13,0,Friday
15008,Lar Road,24,08:39,08:41,6,2026-06-12,2026-06-13,0,Friday
15008,Belthara Road,25,09:38,09:42,42,2026-06-12,2026-06-13,0,Friday
15008,Kirihrapur,26,09:54,09:57,37,2026-06-12,2026-06-13,0,Friday
15008,Indara Jn,27,10:21,10:23,46,2026-06-12,2026-06-13,0,Friday
15008,Mau Jn,28,10:30,10:39,44,2026-06-12,2026-06-13,0,Friday
15008,Dullahapur,29,11:00,11:02,40,2026-06-12,2026-06-13,0,Friday
15008,Jakhanian,30,11:08,11:13,39,2026-06-12,2026-06-13,0,Friday
15008,Sadat,31,11:25,11:27,39,2026-06-12,2026-06-13,0,Friday
15008,Aunrihar Jn,32,11:50,11:52,42,2026-06-12,2026-06-13,0,Friday
15008,Sarnath,33,12:09,12:11,24,2026-06-12,2026-06-13,0,Friday
15008,Varanasi City,34,12:24,TERMINATED,9,2026-06-12,2026-06-13,0,Friday
15034,Lucknow Ne,1,ORIGIN,05:04,4,2026-06-12,2026-06-12,0,Friday
15034,Badshahnagar,2,05:32,05:35,4,2026-06-12,2026-06-12,0,Friday
15034,Gonda Jn,3,07:39,07:43,10,2026-06-12,2026-06-12,0,Friday
15034,Basti,4,09:09,09:13,37,2026-06-12,2026-06-12,0,Friday
15034,Gorakhpur Jn,5,11:08,11:26,81,2026-06-12,2026-06-12,0,Friday
15034,Deoria Sadar,6,12:45,12:50,104,2026-06-12,2026-06-12,0,Friday
15034,Siwan Jn,7,14:01,14:08,123,2026-06-12,2026-06-12,0,Friday
15034,Ekma,8,14:53,14:57,145,2026-06-12,2026-06-12,0,Friday
15034,Chhapra,9,15:45,15:50,160,2026-06-12,2026-06-12,0,Friday
15034,Dighwara,10,16:53,16:55,187,2026-06-12,2026-06-12,0,Friday
15034,Patliputra,11,18:26,TERMINATED,211,2026-06-12,2026-06-12,0,Friday
15043,Lucknow Ne,1,ORIGIN,23:36,11,2026-06-12,2026-06-12,0,Friday
15043,Bareilly,2,03:54,04:14,1,2026-06-12,2026-06-13,0,Friday
15043,Bareilly City,3,04:27,04:35,0,2026-06-12,2026-06-13,0,Friday
15043,Izzatnagar,4,04:49,04:56,1,2026-06-12,2026-06-13,0,Friday
15043,Bhojipura Jn,5,05:18,05:30,0,2026-06-12,2026-06-13,0,Friday
15043,Baheri,6,05:53,06:04,1,2026-06-12,2026-06-13,0,Friday
15043,Kichha,7,06:17,06:28,0,2026-06-12,2026-06-13,0,Friday
15043,Pantnagar,8,06:39,06:45,0,2026-06-12,2026-06-13,0,Friday
15043,Lal Kuan,9,06:58,07:06,6,2026-06-12,2026-06-13,0,Friday
15043,Haldwani,10,07:26,07:42,2,2026-06-12,2026-06-13,0,Friday
15043,Kathgodam,11,07:53,TERMINATED,0,2026-06-12,2026-06-13,0,Friday
15204,Lucknow Ne,1,ORIGIN,15:15,0,2026-06-12,2026-06-12,0,Friday
15204,Lucknow City,2,15:29,15:34,1,2026-06-12,2026-06-12,0,Friday
15204,Badshahnagar,3,15:55,15:58,5,2026-06-12,2026-06-12,0,Friday
15204,Gomati Nagar,4,16:08,17:01,60,2026-06-12,2026-06-12,0,Friday
15204,Barabanki Jn,5,17:50,17:52,72,2026-06-12,2026-06-12,0,Friday
15204,Burhwal,6,18:15,18:18,72,2026-06-12,2026-06-12,0,Friday
15204,Jarwal Road,7,18:34,18:36,71,2026-06-12,2026-06-12,0,Friday
15204,Colonelganj,8,18:57,18:59,76,2026-06-12,2026-06-12,0,Friday
15204,Gonda Jn,9,19:34,19:37,77,2026-06-12,2026-06-12,0,Friday
15204,Mankapur Jn,10,20:23,20:26,102,2026-06-12,2026-06-12,0,Friday
15204,Maskanwa,11,20:44,20:46,106,2026-06-12,2026-06-12,0,Friday
15204,Babhnan,12,21:02,21:04,104,2026-06-12,2026-06-12,0,Friday
15204,Basti,13,21:28,21:31,91,2026-06-12,2026-06-12,0,Friday
15204,Munderwa,14,21:45,21:48,92,2026-06-12,2026-06-12,0,Friday
15204,Khalilabad,15,22:01,22:03,91,2026-06-12,2026-06-12,0,Friday
15204,Sahjanwa,16,22:19,22:39,107,2026-06-12,2026-06-12,0,Friday
15204,Gorakhpur Jn,17,23:23,23:32,92,2026-06-12,2026-06-12,0,Friday
15204,Gorakhpur Cant,18,23:45,23:46,86,2026-06-12,2026-06-12,0,Friday
15204,Chauri Chaura,19,00:10,00:11,86,2026-06-12,2026-06-13,0,Friday
15204,Gauri Bazar,20,00:22,00:24,84,2026-06-12,2026-06-13,0,Friday
15204,Deoria Sadar,21,00:43,00:54,89,2026-06-12,2026-06-13,0,Friday
15204,Bhatni Jn,22,01:13,01:17,89,2026-06-12,2026-06-13,0,Friday
15204,Bhatpar Rani,23,01:29,01:31,83,2026-06-12,2026-06-13,0,Friday
15204,Mairwa,24,01:45,01:47,85,2026-06-12,2026-06-13,0,Friday
15204,Siwan Jn,25,02:04,02:10,85,2026-06-12,2026-06-13,0,Friday
15204,Ekma,26,02:40,02:43,86,2026-06-12,2026-06-13,0,Friday
15204,Chhapra,27,03:11,03:39,74,2026-06-12,2026-06-13,0,Friday
15204,Dighwara,28,04:10,04:13,71,2026-06-12,2026-06-13,0,Friday
15204,Sonpur Jn,29,04:40,04:56,81,2026-06-12,2026-06-13,0,Friday
15204,Hajipur Jn,30,05:07,05:11,81,2026-06-12,2026-06-13,0,Friday
15204,Muzaffarpur Jn,31,06:07,06:12,87,2026-06-12,2026-06-13,0,Friday
15204,Dholi,32,06:36,06:38,85,2026-06-12,2026-06-13,0,Friday
15204,Khudiram B Pusa,33,06:58,06:59,89,2026-06-12,2026-06-13,0,Friday
15204,Samastipur Jn,34,07:23,07:32,82,2026-06-12,2026-06-13,0,Friday
15204,Dalsingh Sarai,35,07:56,07:59,84,2026-06-12,2026-06-13,0,Friday
15204,Bachwara Jn,36,08:12,08:15,86,2026-06-12,2026-06-13,0,Friday
15204,Barauni Jn,37,08:41,TERMINATED,41,2026-06-12,2026-06-13,0,Friday
15205,Lucknow Ne,1,ORIGIN,17:40,10,2026-06-12,2026-06-12,0,Friday
15205,Unnao Jn,2,18:39,18:41,13,2026-06-12,2026-06-12,0,Friday
15205,Kanpur Central,3,19:07,19:12,7,2026-06-12,2026-06-12,0,Friday
15205,Ghatampur,4,20:21,20:24,20,2026-06-12,2026-06-12,0,Friday
15205,Hamirpur Road,5,20:41,20:43,22,2026-06-12,2026-06-12,0,Friday
15205,Bharwa Sumerpur,6,21:04,21:06,24,2026-06-12,2026-06-12,0,Friday
15205,Ragaul,7,21:25,21:27,28,2026-06-12,2026-06-12,0,Friday
15205,Banda Jn,8,22:27,22:36,31,2026-06-12,2026-06-12,0,Friday
15205,Khurhand,9,23:00,23:08,43,2026-06-12,2026-06-12,0,Friday
15205,Atarra,10,23:22,23:24,45,2026-06-12,2026-06-12,0,Friday
15205,Chitrakutdham K,11,23:59,00:05,43,2026-06-12,2026-06-12,0,Friday
15205,Majhagawan,12,01:30,01:32,22,2026-06-12,2026-06-13,0,Friday
15205,Jaitwar,13,01:50,01:54,24,2026-06-12,2026-06-13,0,Friday
15205,Satna,14,02:13,02:18,23,2026-06-12,2026-06-13,0,Friday
15205,Unchhera,15,02:37,02:39,29,2026-06-12,2026-06-13,0,Friday
15205,Maihar,16,02:50,02:52,27,2026-06-12,2026-06-13,0,Friday
15205,Jukehi,17,03:25,03:27,22,2026-06-12,2026-06-13,0,Friday
15205,Katni,18,03:55,04:00,15,2026-06-12,2026-06-13,0,Friday
15205,Sihora Road,19,04:57,04:59,29,2026-06-12,2026-06-13,0,Friday
15205,Jabalpur,20,05:25,TERMINATED,0,2026-06-12,2026-06-13,0,Friday
22453,Lucknow Ne,1,ORIGIN,14:39,14,2026-06-12,2026-06-12,0,Friday
22453,Balamu Jn,2,15:39,15:41,6,2026-06-12,2026-06-12,0,Friday
22453,Hardoi,3,16:03,16:10,4,2026-06-12,2026-06-12,0,Friday
22453,Shahjehanpur,4,17:14,17:16,8,2026-06-12,2026-06-12,0,Friday
22453,Bareilly,5,18:55,19:01,39,2026-06-12,2026-06-12,0,Friday
22453,Rampur,6,20:06,20:09,52,2026-06-12,2026-06-12,0,Friday
22453,Moradabad,7,20:47,20:57,42,2026-06-12,2026-06-12,0,Friday
22453,Amroha,8,21:23,21:28,44,2026-06-12,2026-06-12,0,Friday
22453,Hapur,9,22:17,22:26,48,2026-06-12,2026-06-12,0,Friday
22453,Meerut City,10,22:52,TERMINATED,17,2026-06-12,2026-06-12,0,Friday
22545,Lucknow Ne,1,ORIGIN,05:19,4,2026-06-12,2026-06-12,0,Friday
22545,Shahjehanpur,2,07:32,07:36,0,2026-06-12,2026-06-12,0,Friday
22545,Bareilly,3,08:41,08:45,13,2026-06-12,2026-06-12,0,Friday
22545,Moradabad,4,09:50,10:01,9,2026-06-12,2026-06-12,0,Friday
22545,Najibabad Jn,5,11:14,11:18,8,2026-06-12,2026-06-12,0,Friday
22545,Haridwar Jn,6,12:11,12:20,10,2026-06-12,2026-06-12,0,Friday
22545,Dehradun,7,13:50,TERMINATED,10,2026-06-12,2026-06-12,0,Friday
82501,Lucknow Ne,1,ORIGIN,06:10,0,2026-06-12,2026-06-12,0,Friday
82501,Kanpur Central,2,07:20,07:25,0,2026-06-12,2026-06-12,0,Friday
82501,Tundla Jn,3,09:49,09:51,9,2026-06-12,2026-06-12,0,Friday
82501,Ghaziabad,4,11:50,11:59,5,2026-06-12,2026-06-12,0,Friday
82501,New Delhi,5,12:42,TERMINATED,7,2026-06-12,2026-06-12,0,Friday
55345,Lucknow Ne,1,ORIGIN,04:30,0,2026-06-12,2026-06-12,0,Friday
55345,Manak Nagar,2,04:51,05:13,27,2026-06-12,2026-06-12,0,Friday
55345,Amausi,3,05:23,05:25,26,2026-06-12,2026-06-12,0,Friday
55345,Piparsand,4,05:33,05:49,40,2026-06-12,2026-06-12,0,Friday
55345,Harauni,5,05:57,05:59,41,2026-06-12,2026-06-12,0,Friday
55345,Jaitipur,6,06:08,06:09,42,2026-06-12,2026-06-12,0,Friday
55345,Kusumbhi,7,06:12,06:13,39,2026-06-12,2026-06-12,0,Friday
55345,Ajgain,8,06:23,07:16,95,2026-06-12,2026-06-12,0,Friday
55345,Sonik,9,07:24,07:27,97,2026-06-12,2026-06-12,0,Friday
55345,Unnao Jn,10,07:36,07:38,97,2026-06-12,2026-06-12,0,Friday
55345,Magarwara,11,07:46,07:48,93,2026-06-12,2026-06-12,0,Friday
55345,Kanpur Bge L Bk,12,08:00,08:01,92,2026-06-12,2026-06-12,0,Friday
55345,Kanpur Central,13,08:18,08:20,85,2026-06-12,2026-06-12,0,Friday
55345,Kanpur Anwrganj,14,08:31,08:37,87,2026-06-12,2026-06-12,0,Friday
55345,Rawatpur,15,08:47,08:49,89,2026-06-12,2026-06-12,0,Friday
55345,Kalianpur,16,08:57,09:00,90,2026-06-12,2026-06-12,0,Friday
55345,Mandhana Jn,17,09:08,09:13,93,2026-06-12,2026-06-12,0,Friday
55345,Chaubepur,18,09:21,09:23,93,2026-06-12,2026-06-12,0,Friday
55345,Barrajpur,19,09:33,09:36,94,2026-06-12,2026-06-12,0,Friday
55345,Utripura,20,09:45,09:46,96,2026-06-12,2026-06-12,0,Friday
55345,Dhaursalar,21,,,55,2026-06-12,2026-06-12,0,Friday
55345,Bilhaur,22,09:59,10:01,91,2026-06-12,2026-06-12,0,Friday
55345,Bakothikhas,23,,,45,2026-06-12,2026-06-12,0,Friday
55345,Araul Makanpur,24,10:17,10:18,88,2026-06-12,2026-06-12,0,Friday
55345,Gangawapur Halt,25,,,41,2026-06-12,2026-06-12,0,Friday
55345,Mani Mau,26,,,41,2026-06-12,2026-06-12,0,Friday
55345,Kannauj,27,10:36,10:39,79,2026-06-12,2026-06-12,0,Friday
55345,Kannauj City,28,,,37,2026-06-12,2026-06-12,0,Friday
55345,Jlalpr Panwara,29,,,37,2026-06-12,2026-06-12,0,Friday
55345,Jasoda,30,10:54,10:56,77,2026-06-12,2026-06-12,0,Friday
55345,Khudlapur,31,,,30,2026-06-12,2026-06-12,0,Friday
55345,Gursahaiganj,32,11:08,11:09,74,2026-06-12,2026-06-12,0,Friday
55345,Malikpur,33,,,9,2026-06-12,2026-06-12,0,Friday
55345,Khudaganj,34,11:26,11:28,78,2026-06-12,2026-06-12,0,Friday
55345,Singhirampur,35,,,12,2026-06-12,2026-06-12,0,Friday
55345,Kamalganj,36,,,7,2026-06-12,2026-06-12,0,Friday
55345,Yaqutganj,37,,,7,2026-06-12,2026-06-12,0,Friday
55345,Fatehgarh,38,12:03,12:05,45,2026-06-12,2026-06-12,0,Friday
55345,Farrukhabad,39,12:17,12:20,25,2026-06-12,2026-06-12,0,Friday
55345,Harsingpur Goba,40,12:31,12:33,27,2026-06-12,2026-06-12,0,Friday
55345,Shukarullahpur,41,,,5,2026-06-12,2026-06-12,0,Friday
55345,Shamsabad,42,12:43,12:44,25,2026-06-12,2026-06-12,0,Friday
55345,Bhatasa,43,,,4,2026-06-12,2026-06-12,0,Friday
55345,Kaimganj,44,12:59,13:01,25,2026-06-12,2026-06-12,0,Friday
55345,Kampil Road,45,13:09,13:11,25,2026-06-12,2026-06-12,0,Friday
55345,Rudain,46,13:23,13:24,29,2026-06-12,2026-06-12,0,Friday
55345,Ballupur,47,13:29,13:30,29,2026-06-12,2026-06-12,0,Friday
55345,Daryaogonj,48,13:36,13:38,28,2026-06-12,2026-06-12,0,Friday
55345,Narthar,49,13:45,13:46,28,2026-06-12,2026-06-12,0,Friday
55345,Patiali,50,13:53,13:59,32,2026-06-12,2026-06-12,0,Friday
55345,Ganj Dundwara,51,14:06,14:09,29,2026-06-12,2026-06-12,0,Friday
55345,Garkha,52,14:16,14:17,29,2026-06-12,2026-06-12,0,Friday
55345,Sahawar Town,53,14:23,14:25,25,2026-06-12,2026-06-12,0,Friday
55345,Badhari Kalan,54,14:35,15:13,58,2026-06-12,2026-06-12,0,Friday
55345,Kasganj,55,15:35,TERMINATED,15,2026-06-12,2026-06-12,0,Friday
15032,Lucknow Ne,1,ORIGIN,16:09,4,2026-06-12,2026-06-12,0,Friday
15032,Badshahnagar,2,16:34,16:36,4,2026-06-12,2026-06-12,0,Friday
15032,Barabanki Jn,3,17:18,17:21,13,2026-06-12,2026-06-12,0,Friday
15032,Colonelganj,4,18:21,18:24,27,2026-06-12,2026-06-12,0,Friday
15032,Gonda Jn,5,19:05,19:14,41,2026-06-12,2026-06-12,0,Friday
15032,Mankapur Jn,6,19:47,19:51,54,2026-06-12,2026-06-12,0,Friday
15032,Babhnan,7,20:25,20:28,65,2026-06-12,2026-06-12,0,Friday
15032,Basti,8,20:52,20:56,66,2026-06-12,2026-06-12,0,Friday
15032,Khalilabad,9,21:17,21:20,65,2026-06-12,2026-06-12,0,Friday
15032,Sahjanwa,10,21:32,21:40,68,2026-06-12,2026-06-12,0,Friday
15032,Gorakhpur Jn,11,22:06,TERMINATED,36,2026-06-12,2026-06-12,0,Friday
15011,Lucknow Ne,1,ORIGIN,00:19,24,2026-06-12,2026-06-12,0,Friday
15011,Hardoi,2,01:35,01:37,3,2026-06-12,2026-06-13,0,Friday
15011,Shahjehanpur,3,02:27,02:33,0,2026-06-12,2026-06-13,0,Friday
15011,Chandausi Jn,4,05:42,05:49,47,2026-06-12,2026-06-13,0,Friday
15011,Moradabad,5,07:17,07:31,93,2026-06-12,2026-06-13,0,Friday
15011,Amroha,6,08:16,08:20,113,2026-06-12,2026-06-13,0,Friday
15011,Gajraula Jn,7,08:44,08:49,109,2026-06-12,2026-06-13,0,Friday
15011,Mandi Dhanaura,8,09:07,09:09,103,2026-06-12,2026-06-13,0,Friday
15011,Chand Siau,9,09:21,09:23,93,2026-06-12,2026-06-13,0,Friday
15011,Haldaur,10,09:46,09:48,93,2026-06-12,2026-06-13,0,Friday
15011,Bijnor,11,10:00,10:12,72,2026-06-12,2026-06-13,0,Friday
15011,Basi Kiratpur,12,10:24,10:26,56,2026-06-12,2026-06-13,0,Friday
15011,Muzzampur Nryn,13,10:39,11:31,46,2026-06-12,2026-06-13,0,Friday
15011,Laksar Jn,14,11:58,12:00,50,2026-06-12,2026-06-13,0,Friday
15011,Roorkee,15,13:00,13:04,96,2026-06-12,2026-06-13,0,Friday
15011,Saharanpur,16,13:34,13:48,78,2026-06-12,2026-06-13,0,Friday
15011,Yamunanagar Jud,17,14:15,14:17,79,2026-06-12,2026-06-13,0,Friday
15011,Jagadhri Wshop,18,14:23,14:25,79,2026-06-12,2026-06-13,0,Friday
15011,Ambala Cant Jn,19,15:01,15:07,52,2026-06-12,2026-06-13,0,Friday
15011,Chandigarh,20,15:51,TERMINATED,51,2026-06-12,2026-06-13,0,Friday
12419,Lucknow Nr,1,ORIGIN,06:01,16,2026-06-13,2026-06-13,0,Saturday
12419,Unnao Jn,2,06:47,06:49,2,2026-06-13,2026-06-13,0,Saturday
12419,Kanpur Central,3,07:35,07:45,10,2026-06-13,2026-06-13,0,Saturday
12419,Panki Dham,4,08:06,08:07,11,2026-06-13,2026-06-13,0,Saturday
12419,Rura,5,08:34,08:37,17,2026-06-13,2026-06-13,0,Saturday
12419,Jhinjhak,6,08:48,08:52,17,2026-06-13,2026-06-13,0,Saturday
12419,Phaphund,7,09:07,09:12,22,2026-06-13,2026-06-13,0,Saturday
12419,Bharthana,8,09:33,09:35,20,2026-06-13,2026-06-13,0,Saturday
12419,Etawah Jn,9,09:51,09:56,21,2026-06-13,2026-06-13,0,Saturday
12419,Shikohabad Jn,10,10:30,10:32,24,2026-06-13,2026-06-13,0,Saturday
12419,Firozabad,11,10:52,10:54,27,2026-06-13,2026-06-13,0,Saturday
12419,Tundla Jn,12,11:17,11:30,25,2026-06-13,2026-06-13,0,Saturday
12419,Hathras Jn,13,12:00,12:02,17,2026-06-13,2026-06-13,0,Saturday
12419,Aligarh Jn,14,12:46,12:52,42,2026-06-13,2026-06-13,0,Saturday
12419,Khurja Jn,15,13:16,13:18,38,2026-06-13,2026-06-13,0,Saturday
12419,Ghaziabad,16,14:19,14:25,10,2026-06-13,2026-06-13,0,Saturday
12419,New Delhi,17,15:10,TERMINATED,10,2026-06-13,2026-06-13,0,Saturday
12429,Lucknow Nr,1,ORIGIN,23:40,10,2026-06-13,2026-06-13,0,Saturday
12429,Shahjehanpur,2,01:52,02:02,3,2026-06-13,2026-06-14,0,Saturday
12429,Bareilly,3,03:16,03:22,26,2026-06-13,2026-06-14,0,Saturday
12429,Moradabad,4,04:45,04:55,20,2026-06-13,2026-06-14,0,Saturday
12429,Ghaziabad,5,07:16,07:21,34,2026-06-13,2026-06-14,0,Saturday
12429,New Delhi,6,08:15,TERMINATED,45,2026-06-13,2026-06-14,0,Saturday
12231,Lucknow Nr,1,ORIGIN,22:35,10,2026-06-13,2026-06-13,0,Saturday
12231,Hardoi,2,00:06,00:08,4,2026-06-13,2026-06-14,0,Saturday
12231,Shahjehanpur,3,01:05,01:08,4,2026-06-13,2026-06-14,0,Saturday
12231,Bareilly,4,02:30,02:46,37,2026-06-13,2026-06-14,0,Saturday
12231,Moradabad,5,04:56,05:07,67,2026-06-13,2026-06-14,0,Saturday
12231,Seohara,6,05:42,05:58,77,2026-06-13,2026-06-14,0,Saturday
12231,Dhampur,7,06:12,06:16,81,2026-06-13,2026-06-14,0,Saturday
12231,Nagina,8,06:30,06:33,81,2026-06-13,2026-06-14,0,Saturday
12231,Najibabad Jn,9,06:52,06:56,84,2026-06-13,2026-06-14,0,Saturday
12231,Laksar Jn,10,07:28,07:32,89,2026-06-13,2026-06-14,0,Saturday
12231,Roorkee,11,07:53,07:57,95,2026-06-13,2026-06-14,0,Saturday
12231,Saharanpur,12,08:38,08:54,64,2026-06-13,2026-06-14,0,Saturday
12231,Yamunanagar Jud,13,09:24,09:26,68,2026-06-13,2026-06-14,0,Saturday
12231,Jagadhri Wshop,14,09:35,09:37,71,2026-06-13,2026-06-14,0,Saturday
12231,Ambala Cant Jn,15,10:12,10:18,58,2026-06-13,2026-06-14,0,Saturday
12231,Chandigarh,16,12:55,TERMINATED,170,2026-06-13,2026-06-14,0,Saturday
14204,Lucknow Nr,1,ORIGIN,07:12,37,2026-06-13,2026-06-13,1,Saturday
14204,Bachhrawan,2,07:50,07:51,24,2026-06-13,2026-06-13,1,Saturday
14204,Harchandpur,3,08:08,08:09,28,2026-06-13,2026-06-13,1,Saturday
14204,Rae Bareli Jn,4,08:28,08:30,30,2026-06-13,2026-06-13,1,Saturday
14204,JAIS CITY,5,08:52,08:53,24,2026-06-13,2026-06-13,1,Saturday
14204,Gauriganj,6,09:08,09:09,26,2026-06-13,2026-06-13,1,Saturday
14204,Amethi,7,09:22,09:24,28,2026-06-13,2026-06-13,1,Saturday
14204,MA BELHADEVI DP,8,09:55,09:57,24,2026-06-13,2026-06-13,1,Saturday
14204,Maa Barahi Devi Dham Dandupur,9,10:18,10:19,29,2026-06-13,2026-06-13,1,Saturday
14204,Badshahpur,10,10:38,10:39,30,2026-06-13,2026-06-13,1,Saturday
14204,Janghai Jn,11,11:13,11:15,47,2026-06-13,2026-06-13,1,Saturday
14204,Suriawan,12,11:31,11:32,46,2026-06-13,2026-06-13,1,Saturday
14204,Bhadohi,13,11:43,11:45,45,2026-06-13,2026-06-13,1,Saturday
14204,LOHRA,14,12:15,12:17,46,2026-06-13,2026-06-13,1,Saturday
14204,Varanasi Jn,15,,TERMINATED,46,2026-06-13,2026-06-13,1,Saturday
14210,Lucknow Nr,1,ORIGIN,08:01,26,2026-06-13,2026-06-13,0,Saturday
14210,Nigohan,2,08:41,08:42,26,2026-06-13,2026-06-13,0,Saturday
14210,Bachhrawan,3,08:50,08:51,23,2026-06-13,2026-06-13,0,Saturday
14210,Harchandpur,4,09:22,09:23,40,2026-06-13,2026-06-13,0,Saturday
14210,Rae Bareli Jn,5,09:46,09:50,47,2026-06-13,2026-06-13,0,Saturday
14210,Unchahar Jn,6,10:23,10:24,41,2026-06-13,2026-06-13,0,Saturday
14210,Garhi Manikpur,7,10:49,10:50,48,2026-06-13,2026-06-13,0,Saturday
14210,Kunda Harnamgnj,8,11:02,11:03,49,2026-06-13,2026-06-13,0,Saturday
14210,Lalgopalganj,9,11:18,11:19,50,2026-06-13,2026-06-13,0,Saturday
14210,Prayag,10,12:05,12:09,49,2026-06-13,2026-06-13,0,Saturday
14210,Prayagrajsangam,11,12:24,TERMINATED,39,2026-06-13,2026-06-13,0,Saturday
14216,Lucknow Nr,1,ORIGIN,18:26,11,2026-06-13,2026-06-13,0,Saturday
14216,Bachhrawan,2,19:02,19:04,0,2026-06-13,2026-06-13,0,Saturday
14216,Rae Bareli Jn,3,19:32,19:36,1,2026-06-13,2026-06-13,0,Saturday
14216,Lachhmanpur,4,20:02,20:03,4,2026-06-13,2026-06-13,0,Saturday
14216,Unchahar Jn,5,20:15,20:18,0,2026-06-13,2026-06-13,0,Saturday
14216,Pariawan K.k.rd,6,20:41,20:42,10,2026-06-13,2026-06-13,0,Saturday
14216,Garhi Manikpur,7,20:46,20:48,6,2026-06-13,2026-06-13,0,Saturday
14216,Kunda Harnamgnj,8,21:01,21:03,9,2026-06-13,2026-06-13,0,Saturday
14216,Lalgopalganj,9,21:13,21:14,5,2026-06-13,2026-06-13,0,Saturday
14216,Phaphamau Jn,10,21:44,21:52,2,2026-06-13,2026-06-13,0,Saturday
14216,Prayag,11,22:04,22:08,3,2026-06-13,2026-06-13,0,Saturday
14216,Prayagrajsangam,12,22:20,TERMINATED,0,2026-06-13,2026-06-13,0,Saturday
20402,Lucknow Nr,1,ORIGIN,18:16,16,2026-06-13,2026-06-13,0,Saturday
20402,Maharaja Bijli Pasi Nihalgarh,2,19:10,19:15,0,2026-06-13,2026-06-13,0,Saturday
20402,Musafir Khana,3,19:30,19:31,7,2026-06-13,2026-06-13,0,Saturday
20402,Sultanpur,4,19:53,19:55,5,2026-06-13,2026-06-13,0,Saturday
20402,Lambhua,5,20:15,20:16,6,2026-06-13,2026-06-13,0,Saturday
20402,Srikrishn Nagar,6,20:45,20:48,13,2026-06-13,2026-06-13,0,Saturday
20402,Jaunpur City,7,21:07,21:10,14,2026-06-13,2026-06-13,0,Saturday
20402,Jalalganj,8,21:42,21:44,21,2026-06-13,2026-06-13,0,Saturday
20402,Pindra Road,9,22:02,22:03,24,2026-06-13,2026-06-13,0,Saturday
20402,Shiupur,10,22:18,22:21,11,2026-06-13,2026-06-13,0,Saturday
20402,Varanasi Jn,11,22:42,TERMINATED,2,2026-06-13,2026-06-13,0,Saturday
11110,Lucknow Ne,1,ORIGIN,16:53,13,2026-06-13,2026-06-13,0,Saturday
11110,Unnao Jn,2,17:43,17:45,11,2026-06-13,2026-06-13,0,Saturday
11110,Kanpur Central,3,18:07,18:22,7,2026-06-13,2026-06-13,0,Saturday
11110,Govindpuri,4,18:31,18:36,1,2026-06-13,2026-06-13,0,Saturday
11110,Pokhrayan,5,19:21,19:25,0,2026-06-13,2026-06-13,0,Saturday
11110,Kalpi,6,19:38,19:40,0,2026-06-13,2026-06-13,0,Saturday
11110,Orai,7,20:07,20:13,6,2026-06-13,2026-06-13,0,Saturday
11110,Ait,8,20:37,20:38,11,2026-06-13,2026-06-13,0,Saturday
11110,Moth,9,21:14,21:15,23,2026-06-13,2026-06-13,0,Saturday
11110,Chirgaon,10,21:37,21:40,29,2026-06-13,2026-06-13,0,Saturday
11110,V Lakshmibai Jhansi Jhs,11,22:19,TERMINATED,0,2026-06-13,2026-06-13,0,Saturday
12003,Lucknow Ne,1,ORIGIN,15:37,7,2026-06-13,2026-06-13,0,Saturday
12003,Unnao Jn,2,16:21,16:23,2,2026-06-13,2026-06-13,0,Saturday
12003,Kanpur Central,3,16:45,16:53,0,2026-06-13,2026-06-13,0,Saturday
12003,Phaphund,4,17:47,17:48,0,2026-06-13,2026-06-13,0,Saturday
12003,Etawah Jn,5,18:21,18:23,3,2026-06-13,2026-06-13,0,Saturday
12003,Tundla Jn,6,19:24,19:28,0,2026-06-13,2026-06-13,0,Saturday
12003,Aligarh Jn,7,20:09,20:17,0,2026-06-13,2026-06-13,0,Saturday
12003,Ghaziabad,8,21:37,21:42,2,2026-06-13,2026-06-13,0,Saturday
12003,New Delhi,9,22:24,TERMINATED,0,2026-06-13,2026-06-13,0,Saturday
12179,Lucknow Ne,1,ORIGIN,15:59,4,2026-06-13,2026-06-13,0,Saturday
12179,Unnao Jn,2,16:51,16:53,7,2026-06-13,2026-06-13,0,Saturday
12179,Kanpur Central,3,17:21,17:28,8,2026-06-13,2026-06-13,0,Saturday
12179,Panki Dham,4,17:44,17:46,2,2026-06-13,2026-06-13,0,Saturday
12179,Rura,5,18:08,18:10,5,2026-06-13,2026-06-13,0,Saturday
12179,Jhinjhak,6,18:22,18:25,6,2026-06-13,2026-06-13,0,Saturday
12179,Phaphund,7,18:39,18:42,8,2026-06-13,2026-06-13,0,Saturday
12179,Bharthana,8,19:03,19:05,5,2026-06-13,2026-06-13,0,Saturday
12179,Etawah Jn,9,19:18,19:21,1,2026-06-13,2026-06-13,0,Saturday
12179,Shikohabad Jn,10,19:49,19:57,0,2026-06-13,2026-06-13,0,Saturday
12179,Firozabad,11,20:14,20:17,0,2026-06-13,2026-06-13,0,Saturday
12179,Tundla Jn,12,20:33,20:51,1,2026-06-13,2026-06-13,0,Saturday
12179,Yamuna Bdg Agra,13,21:19,21:23,13,2026-06-13,2026-06-13,0,Saturday
12179,Agra Fort,14,21:33,TERMINATED,0,2026-06-13,2026-06-13,0,Saturday
12229,Lucknow Nr,1,ORIGIN,22:16,16,2026-06-13,2026-06-13,0,Saturday
12229,Hardoi,2,23:37,23:39,3,2026-06-13,2026-06-13,0,Saturday
12229,Shahjehanpur,3,00:44,00:49,13,2026-06-13,2026-06-14,0,Saturday
12229,Bareilly,4,02:19,02:24,42,2026-06-13,2026-06-14,0,Saturday
12229,Rampur,5,03:14,03:16,46,2026-06-13,2026-06-14,0,Saturday
12229,Moradabad,6,03:56,04:09,36,2026-06-13,2026-06-14,0,Saturday
12229,Hapur,7,05:20,05:25,25,2026-06-13,2026-06-14,0,Saturday
12229,Ghaziabad,8,07:01,07:06,71,2026-06-13,2026-06-14,0,Saturday
12229,New Delhi,9,08:04,TERMINATED,69,2026-06-13,2026-06-14,0,Saturday
12532,Lucknow Ne,1,ORIGIN,16:05,0,2026-06-13,2026-06-13,1,Saturday
12532,Badshahnagar,2,16:33,16:35,3,2026-06-13,2026-06-13,1,Saturday
12532,Barabanki Jn,3,17:22,17:24,16,2026-06-13,2026-06-13,1,Saturday
12532,Colonelganj,4,18:48,18:50,51,2026-06-13,2026-06-13,1,Saturday
12532,Gonda Jn,5,19:43,19:46,68,2026-06-13,2026-06-13,1,Saturday
12532,Mankapur Jn,6,20:29,20:31,85,2026-06-13,2026-06-13,1,Saturday
12532,Babhnan,7,21:15,21:17,105,2026-06-13,2026-06-13,1,Saturday
12532,Basti,8,21:59,22:01,120,2026-06-13,2026-06-13,1,Saturday
12532,Khalilabad,9,,,121,2026-06-13,2026-06-13,1,Saturday
12532,Sahjanwa,10,,,120,2026-06-13,2026-06-13,1,Saturday
12532,Gorakhpur Jn,11,,TERMINATED,104,2026-06-13,2026-06-13,1,Saturday
12533,Gomati Nagar,1,ORIGIN,20:51,6,2026-06-13,2026-06-13,0,Saturday
12533,Badshahnagar,2,20:57,21:02,2,2026-06-13,2026-06-13,0,Saturday
12533,Aishbagh,3,21:18,21:27,2,2026-06-13,2026-06-13,0,Saturday
12533,Unnao Jn,4,22:23,22:27,5,2026-06-13,2026-06-13,0,Saturday
12533,Kanpur Central,5,22:59,23:28,18,2026-06-13,2026-06-13,0,Saturday
12533,Orai,6,00:49,00:52,13,2026-06-13,2026-06-14,0,Saturday
12533,V Lakshmibai Jhansi Jhs,7,02:46,03:11,23,2026-06-13,2026-06-14,0,Saturday
12533,Lalitpur Jn,8,04:26,04:28,26,2026-06-13,2026-06-14,0,Saturday
12533,Bhopal  Jn,9,06:59,07:12,2,2026-06-13,2026-06-14,0,Saturday
12533,Rani Kamalapati,10,07:22,07:28,4,2026-06-13,2026-06-14,0,Saturday
12533,Itarsi Jn,11,08:47,09:02,2,2026-06-13,2026-06-14,0,Saturday
12533,Khandwa,12,12:09,12:11,16,2026-06-13,2026-06-14,0,Saturday
12533,Bhusaval Jn,13,13:51,14:10,20,2026-06-13,2026-06-14,0,Saturday
12533,Manmad Jn,14,16:33,16:41,26,2026-06-13,2026-06-14,0,Saturday
12533,Nashik Road,15,17:57,18:04,41,2026-06-13,2026-06-14,0,Saturday
12533,Igatpuri,16,18:55,19:06,39,2026-06-13,2026-06-14,0,Saturday
12533,Kalyan Jn,17,20:36,20:39,29,2026-06-13,2026-06-14,0,Saturday
12533,Dadar,18,21:21,21:27,27,2026-06-13,2026-06-14,0,Saturday
12533,C Shivaji Mah T,19,21:43,TERMINATED,0,2026-06-13,2026-06-14,0,Saturday
12593,Lucknow Ne,1,ORIGIN,22:45,5,2026-06-13,2026-06-13,0,Saturday
12593,Kanpur Central,2,00:20,00:39,9,2026-06-13,2026-06-14,0,Saturday
12593,Orai,3,02:01,02:04,0,2026-06-13,2026-06-14,0,Saturday
12593,V Lakshmibai Jhansi Jhs,4,04:39,04:47,24,2026-06-13,2026-06-14,0,Saturday
12593,Bina Jn,5,06:41,07:01,1,2026-06-13,2026-06-14,0,Saturday
12593,Vidisha,6,07:57,08:01,5,2026-06-13,2026-06-14,0,Saturday
12593,Bhopal  Jn,7,10:28,TERMINATED,83,2026-06-13,2026-06-14,0,Saturday
15008,Lucknow Ne,1,ORIGIN,23:16,6,2026-06-13,2026-06-13,0,Saturday
15008,Lucknow City,2,23:32,23:34,6,2026-06-13,2026-06-13,0,Saturday
15008,Badshahnagar,3,23:51,23:54,6,2026-06-13,2026-06-13,0,Saturday
15008,Barabanki Jn,4,00:34,00:36,14,2026-06-13,2026-06-14,0,Saturday
15008,Burhwal,5,00:59,01:01,13,2026-06-13,2026-06-14,0,Saturday
15008,Gonda Jn,6,02:06,02:15,0,2026-06-13,2026-06-14,0,Saturday
15008,Mankapur Jn,7,02:59,03:04,23,2026-06-13,2026-06-14,0,Saturday
15008,Maskanwa,8,03:19,03:21,24,2026-06-13,2026-06-14,0,Saturday
15008,Babhnan,9,03:36,03:38,24,2026-06-13,2026-06-14,0,Saturday
15008,Basti,10,04:06,04:09,26,2026-06-13,2026-06-14,0,Saturday
15008,Khalilabad,11,04:31,04:33,3,2026-06-13,2026-06-14,0,Saturday
15008,Maghar,12,04:41,04:43,1,2026-06-13,2026-06-14,0,Saturday
15008,Sihapar,13,04:56,04:57,5,2026-06-13,2026-06-14,0,Saturday
15008,Sahjanwa,14,05:01,05:08,7,2026-06-13,2026-06-14,0,Saturday
15008,Jagatbela,15,05:14,05:17,3,2026-06-13,2026-06-14,0,Saturday
15008,Domingarh,16,05:53,05:57,29,2026-06-13,2026-06-14,0,Saturday
15008,Gorakhpur Jn,17,06:13,06:33,18,2026-06-13,2026-06-14,0,Saturday
15008,Gorakhpur Cant,18,06:45,06:47,12,2026-06-13,2026-06-14,0,Saturday
15008,Chauri Chaura,19,07:08,07:21,19,2026-06-13,2026-06-14,0,Saturday
15008,Gauri Bazar,20,07:31,07:34,17,2026-06-13,2026-06-14,0,Saturday
15008,Deoria Sadar,21,07:50,07:56,16,2026-06-13,2026-06-14,0,Saturday
15008,Bhatni Jn,22,08:12,08:14,11,2026-06-13,2026-06-14,0,Saturday
15008,Salempur Jn,23,08:31,08:33,11,2026-06-13,2026-06-14,0,Saturday
15008,Lar Road,24,08:46,09:18,43,2026-06-13,2026-06-14,0,Saturday
15008,Belthara Road,25,09:36,09:38,38,2026-06-13,2026-06-14,0,Saturday
15008,Kirihrapur,26,09:53,09:55,35,2026-06-13,2026-06-14,0,Saturday
15008,Indara Jn,27,10:12,10:14,37,2026-06-13,2026-06-14,0,Saturday
15008,Mau Jn,28,10:23,10:30,35,2026-06-13,2026-06-14,0,Saturday
15008,Dullahapur,29,10:47,10:49,27,2026-06-13,2026-06-14,0,Saturday
15008,Jakhanian,30,11:01,11:03,29,2026-06-13,2026-06-14,0,Saturday
15008,Sadat,31,11:13,11:15,27,2026-06-13,2026-06-14,0,Saturday
15008,Aunrihar Jn,32,11:34,11:36,26,2026-06-13,2026-06-14,0,Saturday
15008,Sarnath,33,11:56,12:01,14,2026-06-13,2026-06-14,0,Saturday
15008,Varanasi City,34,12:22,TERMINATED,7,2026-06-13,2026-06-14,0,Saturday
15034,Lucknow Ne,1,ORIGIN,07:17,137,2026-06-13,2026-06-13,0,Saturday
15034,Badshahnagar,2,07:45,08:14,163,2026-06-13,2026-06-13,0,Saturday
15034,Gonda Jn,3,10:18,10:22,169,2026-06-13,2026-06-13,0,Saturday
15034,Basti,4,12:17,12:21,225,2026-06-13,2026-06-13,0,Saturday
15034,Gorakhpur Jn,5,14:31,14:41,276,2026-06-13,2026-06-13,0,Saturday
15034,Deoria Sadar,6,15:55,16:01,295,2026-06-13,2026-06-13,0,Saturday
15034,Siwan Jn,7,17:13,17:22,317,2026-06-13,2026-06-13,0,Saturday
15034,Ekma,8,18:07,18:13,341,2026-06-13,2026-06-13,0,Saturday
15034,Chhapra,9,19:04,19:14,364,2026-06-13,2026-06-13,0,Saturday
15034,Dighwara,10,19:53,19:57,369,2026-06-13,2026-06-13,0,Saturday
15034,Patliputra,11,20:46,TERMINATED,351,2026-06-13,2026-06-13,0,Saturday
15204,Lucknow Ne,1,ORIGIN,15:15,0,2026-06-13,2026-06-13,0,Saturday
15204,Lucknow City,2,15:38,15:40,7,2026-06-13,2026-06-13,0,Saturday
15204,Badshahnagar,3,15:57,15:59,6,2026-06-13,2026-06-13,0,Saturday
15204,Gomati Nagar,4,16:09,16:12,11,2026-06-13,2026-06-13,0,Saturday
15204,Barabanki Jn,5,16:40,16:42,2,2026-06-13,2026-06-13,0,Saturday
15204,Burhwal,6,17:09,17:11,5,2026-06-13,2026-06-13,0,Saturday
15204,Jarwal Road,7,17:32,17:34,9,2026-06-13,2026-06-13,0,Saturday
15204,Colonelganj,8,17:57,17:59,16,2026-06-13,2026-06-13,0,Saturday
15204,Gonda Jn,9,19:19,19:24,64,2026-06-13,2026-06-13,0,Saturday
15204,Mankapur Jn,10,20:31,20:35,111,2026-06-13,2026-06-13,0,Saturday
15204,Maskanwa,11,20:50,20:52,112,2026-06-13,2026-06-13,0,Saturday
15204,Babhnan,12,21:09,21:11,111,2026-06-13,2026-06-13,0,Saturday
15204,Basti,13,21:38,21:40,100,2026-06-13,2026-06-13,0,Saturday
15204,Munderwa,14,21:54,21:56,100,2026-06-13,2026-06-13,0,Saturday
15204,Khalilabad,15,22:10,22:12,100,2026-06-13,2026-06-13,0,Saturday
15204,Sahjanwa,16,22:28,22:30,98,2026-06-13,2026-06-13,0,Saturday
15204,Gorakhpur Jn,17,22:56,23:04,64,2026-06-13,2026-06-13,0,Saturday
15204,Gorakhpur Cant,18,23:15,23:18,58,2026-06-13,2026-06-13,0,Saturday
15204,Chauri Chaura,19,23:39,23:41,56,2026-06-13,2026-06-13,0,Saturday
15204,Gauri Bazar,20,23:52,23:54,54,2026-06-13,2026-06-13,0,Saturday
15204,Deoria Sadar,21,00:15,00:20,55,2026-06-13,2026-06-14,0,Saturday
15204,Bhatni Jn,22,00:39,00:45,57,2026-06-13,2026-06-14,0,Saturday
15204,Bhatpar Rani,23,00:56,00:58,50,2026-06-13,2026-06-14,0,Saturday
15204,Mairwa,24,01:11,01:13,51,2026-06-13,2026-06-14,0,Saturday
15204,Siwan Jn,25,01:30,01:37,52,2026-06-13,2026-06-14,0,Saturday
15204,Ekma,26,02:03,02:05,48,2026-06-13,2026-06-14,0,Saturday
15204,Chhapra,27,02:37,02:44,19,2026-06-13,2026-06-14,0,Saturday
15204,Dighwara,28,03:16,03:18,16,2026-06-13,2026-06-14,0,Saturday
15204,Sonpur Jn,29,03:37,03:45,10,2026-06-13,2026-06-14,0,Saturday
15204,Hajipur Jn,30,03:53,04:01,11,2026-06-13,2026-06-14,0,Saturday
15204,Muzaffarpur Jn,31,04:54,05:04,19,2026-06-13,2026-06-14,0,Saturday
15204,Dholi,32,05:27,05:29,16,2026-06-13,2026-06-14,0,Saturday
15204,Khudiram B Pusa,33,05:42,05:44,14,2026-06-13,2026-06-14,0,Saturday
15204,Samastipur Jn,34,06:06,06:13,3,2026-06-13,2026-06-14,0,Saturday
15204,Dalsingh Sarai,35,06:35,06:37,2,2026-06-13,2026-06-14,0,Saturday
15204,Bachwara Jn,36,06:51,06:53,4,2026-06-13,2026-06-14,0,Saturday
15204,Barauni Jn,37,07:26,TERMINATED,0,2026-06-13,2026-06-14,0,Saturday
15205,Lucknow Ne,1,ORIGIN,17:43,13,2026-06-13,2026-06-13,0,Saturday
15205,Unnao Jn,2,18:29,18:32,4,2026-06-13,2026-06-13,0,Saturday
15205,Kanpur Central,3,19:10,19:18,13,2026-06-13,2026-06-13,0,Saturday
15205,Ghatampur,4,20:15,20:20,16,2026-06-13,2026-06-13,0,Saturday
15205,Hamirpur Road,5,20:34,20:49,28,2026-06-13,2026-06-13,0,Saturday
15205,Bharwa Sumerpur,6,21:09,21:14,32,2026-06-13,2026-06-13,0,Saturday
15205,Ragaul,7,21:29,21:31,32,2026-06-13,2026-06-13,0,Saturday
15205,Banda Jn,8,22:23,22:33,28,2026-06-13,2026-06-13,0,Saturday
15205,Khurhand,9,22:54,23:01,36,2026-06-13,2026-06-13,0,Saturday
15205,Atarra,10,23:16,23:18,39,2026-06-13,2026-06-13,0,Saturday
15205,Chitrakutdham K,11,23:50,00:00,38,2026-06-13,2026-06-13,0,Saturday
15205,Majhagawan,12,01:15,01:17,7,2026-06-13,2026-06-14,0,Saturday
15205,Jaitwar,13,01:36,01:39,9,2026-06-13,2026-06-14,0,Saturday
15205,Satna,14,02:07,02:13,18,2026-06-13,2026-06-14,0,Saturday
15205,Unchhera,15,02:32,02:34,24,2026-06-13,2026-06-14,0,Saturday
15205,Maihar,16,02:50,02:57,32,2026-06-13,2026-06-14,0,Saturday
15205,Jukehi,17,03:31,03:43,38,2026-06-13,2026-06-14,0,Saturday
15205,Katni,18,04:03,04:08,23,2026-06-13,2026-06-14,0,Saturday
15205,Sihora Road,19,05:02,05:04,34,2026-06-13,2026-06-14,0,Saturday
15205,Jabalpur,20,05:38,TERMINATED,0,2026-06-13,2026-06-14,0,Saturday
22453,Lucknow Ne,1,ORIGIN,14:39,14,2026-06-13,2026-06-13,0,Saturday
22453,Balamu Jn,2,15:42,15:44,9,2026-06-13,2026-06-13,0,Saturday
22453,Hardoi,3,16:12,16:14,8,2026-06-13,2026-06-13,0,Saturday
22453,Shahjehanpur,4,17:11,17:13,5,2026-06-13,2026-06-13,0,Saturday
22453,Bareilly,5,19:32,19:39,77,2026-06-13,2026-06-13,0,Saturday
22453,Rampur,6,20:50,20:53,96,2026-06-13,2026-06-13,0,Saturday
22453,Moradabad,7,22:07,22:20,125,2026-06-13,2026-06-13,0,Saturday
22453,Amroha,8,22:48,22:51,127,2026-06-13,2026-06-13,0,Saturday
22453,Hapur,9,23:45,23:51,133,2026-06-13,2026-06-13,0,Saturday
22453,Meerut City,10,00:38,TERMINATED,123,2026-06-13,2026-06-14,0,Saturday
22545,Lucknow Ne,1,ORIGIN,05:33,18,2026-06-13,2026-06-13,0,Saturday
22545,Shahjehanpur,2,07:31,07:41,5,2026-06-13,2026-06-13,0,Saturday
22545,Bareilly,3,08:36,08:38,6,2026-06-13,2026-06-13,0,Saturday
22545,Moradabad,4,10:04,10:09,17,2026-06-13,2026-06-13,0,Saturday
22545,Najibabad Jn,5,11:13,11:17,7,2026-06-13,2026-06-13,0,Saturday
22545,Haridwar Jn,6,12:04,12:10,0,2026-06-13,2026-06-13,0,Saturday
22545,Dehradun,7,13:29,TERMINATED,0,2026-06-13,2026-06-13,0,Saturday
82501,Lucknow Ne,1,ORIGIN,06:17,7,2026-06-13,2026-06-13,0,Saturday
82501,Kanpur Central,2,07:54,07:59,34,2026-06-13,2026-06-13,0,Saturday
82501,Tundla Jn,3,09:52,09:54,12,2026-06-13,2026-06-13,0,Saturday
82501,Ghaziabad,4,12:00,12:07,13,2026-06-13,2026-06-13,0,Saturday
82501,New Delhi,5,12:52,TERMINATED,17,2026-06-13,2026-06-13,0,Saturday
55345,Lucknow Ne,1,ORIGIN,04:32,2,2026-06-13,2026-06-13,0,Saturday
55345,Manak Nagar,2,04:49,04:50,4,2026-06-13,2026-06-13,0,Saturday
55345,Amausi,3,05:15,05:16,17,2026-06-13,2026-06-13,0,Saturday
55345,Piparsand,4,05:27,05:28,19,2026-06-13,2026-06-13,0,Saturday
55345,Harauni,5,05:38,05:39,21,2026-06-13,2026-06-13,0,Saturday
55345,Jaitipur,6,05:47,05:48,21,2026-06-13,2026-06-13,0,Saturday
55345,Kusumbhi,7,05:52,05:53,19,2026-06-13,2026-06-13,0,Saturday
55345,Ajgain,8,06:02,06:19,38,2026-06-13,2026-06-13,0,Saturday
55345,Sonik,9,06:30,07:01,71,2026-06-13,2026-06-13,0,Saturday
55345,Unnao Jn,10,07:14,07:16,75,2026-06-13,2026-06-13,0,Saturday
55345,Magarwara,11,07:25,07:27,72,2026-06-13,2026-06-13,0,Saturday
55345,Kanpur Bge L Bk,12,07:38,07:40,71,2026-06-13,2026-06-13,0,Saturday
55345,Kanpur Central,13,07:55,08:00,65,2026-06-13,2026-06-13,0,Saturday
55345,Kanpur Anwrganj,14,08:12,08:19,69,2026-06-13,2026-06-13,0,Saturday
55345,Rawatpur,15,08:28,08:30,70,2026-06-13,2026-06-13,0,Saturday
55345,Kalianpur,16,08:38,08:40,70,2026-06-13,2026-06-13,0,Saturday
55345,Mandhana Jn,17,08:49,08:51,71,2026-06-13,2026-06-13,0,Saturday
55345,Chaubepur,18,08:57,08:58,68,2026-06-13,2026-06-13,0,Saturday
55345,Barrajpur,19,09:12,09:14,72,2026-06-13,2026-06-13,0,Saturday
55345,Utripura,20,09:23,09:27,77,2026-06-13,2026-06-13,0,Saturday
55345,Dhaursalar,21,,,36,2026-06-13,2026-06-13,0,Saturday
55345,Bilhaur,22,09:40,09:42,72,2026-06-13,2026-06-13,0,Saturday
55345,Bakothikhas,23,,,26,2026-06-13,2026-06-13,0,Saturday
55345,Araul Makanpur,24,09:58,10:04,74,2026-06-13,2026-06-13,0,Saturday
55345,Gangawapur Halt,25,,,26,2026-06-13,2026-06-13,0,Saturday
55345,Mani Mau,26,,,26,2026-06-13,2026-06-13,0,Saturday
55345,Kannauj,27,10:23,10:25,65,2026-06-13,2026-06-13,0,Saturday
55345,Kannauj City,28,,,25,2026-06-13,2026-06-13,0,Saturday
55345,Jlalpr Panwara,29,,,25,2026-06-13,2026-06-13,0,Saturday
55345,Jasoda,30,10:41,10:43,64,2026-06-13,2026-06-13,0,Saturday
55345,Khudlapur,31,,,17,2026-06-13,2026-06-13,0,Saturday
55345,Gursahaiganj,32,10:55,11:02,67,2026-06-13,2026-06-13,0,Saturday
55345,Malikpur,33,11:08,11:09,67,2026-06-13,2026-06-13,0,Saturday
55345,Khudaganj,34,11:14,11:16,66,2026-06-13,2026-06-13,0,Saturday
55345,Singhirampur,35,11:21,11:22,66,2026-06-13,2026-06-13,0,Saturday
55345,Kamalganj,36,11:44,11:46,66,2026-06-13,2026-06-13,0,Saturday
55345,Yaqutganj,37,11:53,11:54,66,2026-06-13,2026-06-13,0,Saturday
55345,Fatehgarh,38,,,32,2026-06-13,2026-06-13,0,Saturday
55345,Farrukhabad,39,12:06,12:10,15,2026-06-13,2026-06-13,0,Saturday
55345,Harsingpur Goba,40,12:22,12:24,18,2026-06-13,2026-06-13,0,Saturday
55345,Shukarullahpur,41,12:29,12:30,18,2026-06-13,2026-06-13,0,Saturday
55345,Shamsabad,42,12:34,12:35,16,2026-06-13,2026-06-13,0,Saturday
55345,Bhatasa,43,12:42,12:43,16,2026-06-13,2026-06-13,0,Saturday
55345,Kaimganj,44,12:50,12:53,17,2026-06-13,2026-06-13,0,Saturday
55345,Kampil Road,45,13:00,13:03,17,2026-06-13,2026-06-13,0,Saturday
55345,Rudain,46,13:11,13:12,17,2026-06-13,2026-06-13,0,Saturday
55345,Ballupur,47,13:17,13:18,17,2026-06-13,2026-06-13,0,Saturday
55345,Daryaogonj,48,13:24,13:26,16,2026-06-13,2026-06-13,0,Saturday
55345,Narthar,49,13:33,13:34,16,2026-06-13,2026-06-13,0,Saturday
55345,Patiali,50,13:40,14:00,33,2026-06-13,2026-06-13,0,Saturday
55345,Ganj Dundwara,51,14:07,14:09,29,2026-06-13,2026-06-13,0,Saturday
55345,Garkha,52,14:16,14:17,29,2026-06-13,2026-06-13,0,Saturday
55345,Sahawar Town,53,14:24,14:26,26,2026-06-13,2026-06-13,0,Saturday
55345,Badhari Kalan,54,14:36,15:09,54,2026-06-13,2026-06-13,0,Saturday
55345,Kasganj,55,15:38,TERMINATED,18,2026-06-13,2026-06-13,0,Saturday
15032,Lucknow Ne,1,ORIGIN,16:21,16,2026-06-13,2026-06-13,0,Saturday
15032,Badshahnagar,2,17:01,17:03,31,2026-06-13,2026-06-13,0,Saturday
15032,Barabanki Jn,3,17:27,17:29,21,2026-06-13,2026-06-13,0,Saturday
15032,Colonelganj,4,18:30,18:32,35,2026-06-13,2026-06-13,0,Saturday
15032,Gonda Jn,5,19:10,19:33,60,2026-06-13,2026-06-13,0,Saturday
15032,Mankapur Jn,6,20:55,21:00,123,2026-06-13,2026-06-13,0,Saturday
15032,Babhnan,7,21:26,21:30,127,2026-06-13,2026-06-13,0,Saturday
15032,Basti,8,21:55,22:00,130,2026-06-13,2026-06-13,0,Saturday
15032,Khalilabad,9,22:22,22:25,130,2026-06-13,2026-06-13,0,Saturday
15032,Sahjanwa,10,22:40,22:44,132,2026-06-13,2026-06-13,0,Saturday
15032,Gorakhpur Jn,11,23:10,TERMINATED,100,2026-06-13,2026-06-13,0,Saturday
15011,Lucknow Ne,1,ORIGIN,23:59,4,2026-06-13,2026-06-13,0,Saturday
15011,Hardoi,2,01:25,01:34,0,2026-06-13,2026-06-14,0,Saturday
15011,Shahjehanpur,3,02:54,02:56,23,2026-06-13,2026-06-14,0,Saturday
15011,Chandausi Jn,4,07:14,07:21,139,2026-06-13,2026-06-14,0,Saturday
15011,Moradabad,5,08:45,08:56,178,2026-06-13,2026-06-14,0,Saturday
15011,Amroha,6,09:25,09:27,180,2026-06-13,2026-06-14,0,Saturday
15011,Gajraula Jn,7,09:47,09:52,172,2026-06-13,2026-06-14,0,Saturday
15011,Mandi Dhanaura,8,10:11,10:16,170,2026-06-13,2026-06-14,0,Saturday
15011,Chand Siau,9,10:32,10:38,168,2026-06-13,2026-06-14,0,Saturday
15011,Haldaur,10,10:51,10:53,158,2026-06-13,2026-06-14,0,Saturday
15011,Bijnor,11,11:13,11:18,138,2026-06-13,2026-06-14,0,Saturday
15011,Basi Kiratpur,12,11:31,11:34,124,2026-06-13,2026-06-14,0,Saturday
15011,Muzzampur Nryn,13,11:42,12:53,128,2026-06-13,2026-06-14,0,Saturday
15011,Laksar Jn,14,14:01,14:09,179,2026-06-13,2026-06-14,0,Saturday
15011,Roorkee,15,14:29,14:33,185,2026-06-13,2026-06-14,0,Saturday
15011,Saharanpur,16,15:08,15:18,168,2026-06-13,2026-06-14,0,Saturday
15011,Yamunanagar Jud,17,15:43,15:47,169,2026-06-13,2026-06-14,0,Saturday
15011,Jagadhri Wshop,18,15:54,15:57,171,2026-06-13,2026-06-14,0,Saturday
15011,Ambala Cant Jn,19,16:33,16:39,144,2026-06-13,2026-06-14,0,Saturday
15011,Chandigarh,20,17:17,TERMINATED,137,2026-06-13,2026-06-14,0,Saturday
12419,Lucknow Nr,1,ORIGIN,06:01,16,2026-06-14,2026-06-14,0,Sunday
12419,Unnao Jn,2,06:42,07:03,16,2026-06-14,2026-06-14,0,Sunday
12419,Kanpur Central,3,07:26,07:35,0,2026-06-14,2026-06-14,0,Sunday
12419,Panki Dham,4,07:58,08:05,9,2026-06-14,2026-06-14,0,Sunday
12419,Rura,5,08:26,08:31,11,2026-06-14,2026-06-14,0,Sunday
12419,Jhinjhak,6,08:42,08:43,8,2026-06-14,2026-06-14,0,Sunday
12419,Phaphund,7,09:04,09:09,19,2026-06-14,2026-06-14,0,Sunday
12419,Bharthana,8,09:32,09:35,20,2026-06-14,2026-06-14,0,Sunday
12419,Etawah Jn,9,09:50,09:52,17,2026-06-14,2026-06-14,0,Sunday
12419,Shikohabad Jn,10,10:34,10:36,28,2026-06-14,2026-06-14,0,Sunday
12419,Firozabad,11,10:56,11:01,34,2026-06-14,2026-06-14,0,Sunday
12419,Tundla Jn,12,11:16,11:24,19,2026-06-14,2026-06-14,0,Sunday
12419,Hathras Jn,13,11:51,11:53,8,2026-06-14,2026-06-14,0,Sunday
12419,Aligarh Jn,14,12:40,12:49,39,2026-06-14,2026-06-14,0,Sunday
12419,Khurja Jn,15,13:13,13:16,36,2026-06-14,2026-06-14,0,Sunday
12419,Ghaziabad,16,14:32,14:41,26,2026-06-14,2026-06-14,0,Sunday
12419,New Delhi,17,15:23,TERMINATED,23,2026-06-14,2026-06-14,0,Sunday
12429,Lucknow Nr,1,ORIGIN,23:37,7,2026-06-14,2026-06-14,0,Sunday
12429,Shahjehanpur,2,01:54,02:01,2,2026-06-14,2026-06-15,0,Sunday
12429,Bareilly,3,03:43,03:45,49,2026-06-14,2026-06-15,0,Sunday
12429,Moradabad,4,05:05,05:10,35,2026-06-14,2026-06-15,0,Sunday
12429,Ghaziabad,5,06:49,06:55,8,2026-06-14,2026-06-15,0,Sunday
12429,New Delhi,6,07:31,TERMINATED,1,2026-06-14,2026-06-15,0,Sunday
12231,Lucknow Nr,1,ORIGIN,22:35,10,2026-06-14,2026-06-14,0,Sunday
12231,Hardoi,2,00:21,00:25,21,2026-06-14,2026-06-15,0,Sunday
12231,Shahjehanpur,3,01:33,01:35,31,2026-06-14,2026-06-15,0,Sunday
12231,Bareilly,4,03:21,03:26,77,2026-06-14,2026-06-15,0,Sunday
12231,Moradabad,5,04:55,05:08,68,2026-06-14,2026-06-15,0,Sunday
12231,Seohara,6,05:47,05:50,69,2026-06-14,2026-06-15,0,Sunday
12231,Dhampur,7,06:05,06:08,73,2026-06-14,2026-06-15,0,Sunday
12231,Nagina,8,06:22,06:27,75,2026-06-14,2026-06-15,0,Sunday
12231,Najibabad Jn,9,06:45,06:47,75,2026-06-14,2026-06-15,0,Sunday
12231,Laksar Jn,10,07:22,07:34,91,2026-06-14,2026-06-15,0,Sunday
12231,Roorkee,11,07:55,08:00,98,2026-06-14,2026-06-15,0,Sunday
12231,Saharanpur,12,08:21,08:31,41,2026-06-14,2026-06-15,0,Sunday
12231,Yamunanagar Jud,13,09:13,09:15,57,2026-06-14,2026-06-15,0,Sunday
12231,Jagadhri Wshop,14,09:23,09:25,59,2026-06-14,2026-06-15,0,Sunday
12231,Ambala Cant Jn,15,10:02,10:07,47,2026-06-14,2026-06-15,0,Sunday
12231,Chandigarh,16,11:50,TERMINATED,105,2026-06-14,2026-06-15,0,Sunday
14203,Varanasi Jn,1,ORIGIN,17:58,8,2026-06-14,2026-06-14,1,Sunday
14203,Bhadohi,2,18:34,18:36,9,2026-06-14,2026-06-14,1,Sunday
14203,Suriawan,3,18:51,18:52,11,2026-06-14,2026-06-14,1,Sunday
14203,Janghai Jn,4,19:01,19:03,6,2026-06-14,2026-06-14,1,Sunday
14203,Badshahpur,5,19:20,19:21,7,2026-06-14,2026-06-14,1,Sunday
14203,Maa Barahi Devi Dham Dandupur,6,19:40,19:41,10,2026-06-14,2026-06-14,1,Sunday
14203,MA BELHADEVI DP,7,20:00,20:02,16,2026-06-14,2026-06-14,1,Sunday
14203,Amethi,8,20:27,20:29,13,2026-06-14,2026-06-14,1,Sunday
14203,Gauriganj,9,20:41,20:42,12,2026-06-14,2026-06-14,1,Sunday
14203,JAIS CITY,10,20:58,20:59,15,2026-06-14,2026-06-14,1,Sunday
14203,Rae Bareli Jn,11,21:32,21:34,22,2026-06-14,2026-06-14,1,Sunday
14203,Harchandpur,12,21:53,21:54,27,2026-06-14,2026-06-14,1,Sunday
14203,Bachhrawan,13,22:04,22:05,24,2026-06-14,2026-06-14,1,Sunday
14203,Dilkusha Cabin,14,22:47,22:47,2,2026-06-14,2026-06-14,1,Sunday
14203,Lucknow Nr,15,,TERMINATED,12,2026-06-14,2026-06-14,1,Sunday
14204,Lucknow Nr,1,ORIGIN,06:35,0,2026-06-14,2026-06-14,1,Sunday
14204,Bachhrawan,2,07:26,07:27,0,2026-06-14,2026-06-14,1,Sunday
14204,Harchandpur,3,07:40,07:41,0,2026-06-14,2026-06-14,1,Sunday
14204,Rae Bareli Jn,4,07:58,08:00,0,2026-06-14,2026-06-14,1,Sunday
14204,JAIS CITY,5,08:24,08:29,0,2026-06-14,2026-06-14,1,Sunday
14204,Gauriganj,6,08:42,08:43,0,2026-06-14,2026-06-14,1,Sunday
14204,Amethi,7,08:54,08:56,0,2026-06-14,2026-06-14,1,Sunday
14204,MA BELHADEVI DP,8,09:36,09:38,5,2026-06-14,2026-06-14,1,Sunday
14204,Maa Barahi Devi Dham Dandupur,9,09:56,09:57,7,2026-06-14,2026-06-14,1,Sunday
14204,Badshahpur,10,10:19,10:20,11,2026-06-14,2026-06-14,1,Sunday
14204,Janghai Jn,11,10:37,10:39,11,2026-06-14,2026-06-14,1,Sunday
14204,Suriawan,12,10:57,10:58,12,2026-06-14,2026-06-14,1,Sunday
14204,Bhadohi,13,11:12,11:14,14,2026-06-14,2026-06-14,1,Sunday
14204,LOHRA,14,11:45,11:47,16,2026-06-14,2026-06-14,1,Sunday
14204,Varanasi Jn,15,,TERMINATED,16,2026-06-14,2026-06-14,1,Sunday
14210,Lucknow Nr,1,ORIGIN,07:45,10,2026-06-14,2026-06-14,0,Sunday
14210,Nigohan,2,08:23,08:24,8,2026-06-14,2026-06-14,0,Sunday
14210,Bachhrawan,3,08:40,08:42,14,2026-06-14,2026-06-14,0,Sunday
14210,Harchandpur,4,08:58,08:59,16,2026-06-14,2026-06-14,0,Sunday
14210,Rae Bareli Jn,5,09:16,09:19,16,2026-06-14,2026-06-14,0,Sunday
14210,Unchahar Jn,6,09:54,09:55,12,2026-06-14,2026-06-14,0,Sunday
14210,Garhi Manikpur,7,10:11,10:12,10,2026-06-14,2026-06-14,0,Sunday
14210,Kunda Harnamgnj,8,10:28,10:29,15,2026-06-14,2026-06-14,0,Sunday
14210,Lalgopalganj,9,10:39,10:40,11,2026-06-14,2026-06-14,0,Sunday
14210,Prayag,10,11:20,11:28,8,2026-06-14,2026-06-14,0,Sunday
14210,Prayagrajsangam,11,11:42,TERMINATED,0,2026-06-14,2026-06-14,0,Sunday
14216,Lucknow Nr,1,ORIGIN,18:30,15,2026-06-14,2026-06-14,0,Sunday
14216,Bachhrawan,2,19:14,19:16,12,2026-06-14,2026-06-14,0,Sunday
14216,Rae Bareli Jn,3,19:42,19:44,9,2026-06-14,2026-06-14,0,Sunday
14216,Lachhmanpur,4,20:05,20:06,7,2026-06-14,2026-06-14,0,Sunday
14216,Unchahar Jn,5,20:29,20:32,14,2026-06-14,2026-06-14,0,Sunday
14216,Pariawan K.k.rd,6,20:43,20:44,12,2026-06-14,2026-06-14,0,Sunday
14216,Garhi Manikpur,7,20:54,20:55,13,2026-06-14,2026-06-14,0,Sunday
14216,Kunda Harnamgnj,8,21:09,21:11,17,2026-06-14,2026-06-14,0,Sunday
14216,Lalgopalganj,9,21:22,21:23,14,2026-06-14,2026-06-14,0,Sunday
14216,Phaphamau Jn,10,21:48,21:51,1,2026-06-14,2026-06-14,0,Sunday
14216,Prayag,11,22:06,22:10,5,2026-06-14,2026-06-14,0,Sunday
14216,Prayagrajsangam,12,22:33,TERMINATED,8,2026-06-14,2026-06-14,0,Sunday
20402,Lucknow Nr,1,ORIGIN,18:18,18,2026-06-14,2026-06-14,0,Sunday
20402,Maharaja Bijli Pasi Nihalgarh,2,19:20,19:24,9,2026-06-14,2026-06-14,0,Sunday
20402,Musafir Khana,3,19:38,19:40,16,2026-06-14,2026-06-14,0,Sunday
20402,Sultanpur,4,20:04,20:10,20,2026-06-14,2026-06-14,0,Sunday
20402,Lambhua,5,20:31,20:33,23,2026-06-14,2026-06-14,0,Sunday
20402,Srikrishn Nagar,6,20:57,20:58,23,2026-06-14,2026-06-14,0,Sunday
20402,Jaunpur City,7,21:21,21:23,27,2026-06-14,2026-06-14,0,Sunday
20402,Jalalganj,8,21:52,21:53,30,2026-06-14,2026-06-14,0,Sunday
20402,Pindra Road,9,22:04,22:07,28,2026-06-14,2026-06-14,0,Sunday
20402,Shiupur,10,22:20,22:21,11,2026-06-14,2026-06-14,0,Sunday
20402,Varanasi Jn,11,22:55,TERMINATED,15,2026-06-14,2026-06-14,0,Sunday
22122,Lucknow Nr,1,ORIGIN,00:05,485,2026-06-14,2026-06-14,0,Sunday
22122,Kanpur Central,2,02:34,02:53,538,2026-06-14,2026-06-15,0,Sunday
22122,Orai,3,04:28,04:30,534,2026-06-14,2026-06-15,0,Sunday
22122,V Lakshmibai Jhansi Jhs,4,05:53,06:05,520,2026-06-14,2026-06-15,0,Sunday
22122,Rani Kamalapati,5,11:07,11:17,482,2026-06-14,2026-06-15,0,Sunday
22122,Bhusaval Jn,6,17:03,17:14,489,2026-06-14,2026-06-15,0,Sunday
22122,Jalgaon Jn,7,17:44,17:49,492,2026-06-14,2026-06-15,0,Sunday
22122,Nashik Road,8,21:15,21:20,530,2026-06-14,2026-06-15,0,Sunday
22122,Kalyan Jn,9,00:19,00:26,551,2026-06-14,2026-06-16,0,Sunday
22122,Thane,10,00:44,00:51,556,2026-06-14,2026-06-16,0,Sunday
22122,Lokmanyatilak T,11,01:44,TERMINATED,554,2026-06-14,2026-06-16,0,Sunday
11110,Lucknow Ne,1,ORIGIN,16:44,4,2026-06-14,2026-06-14,0,Sunday
11110,Unnao Jn,2,17:41,17:43,9,2026-06-14,2026-06-14,0,Sunday
11110,Kanpur Central,3,18:07,18:15,0,2026-06-14,2026-06-14,0,Sunday
11110,Govindpuri,4,18:29,18:36,1,2026-06-14,2026-06-14,0,Sunday
11110,Pokhrayan,5,19:11,19:25,0,2026-06-14,2026-06-14,0,Sunday
11110,Kalpi,6,19:37,19:40,0,2026-06-14,2026-06-14,0,Sunday
11110,Orai,7,20:05,20:09,2,2026-06-14,2026-06-14,0,Sunday
11110,Ait,8,20:26,20:27,0,2026-06-14,2026-06-14,0,Sunday
11110,Moth,9,20:53,20:54,2,2026-06-14,2026-06-14,0,Sunday
11110,Chirgaon,10,21:20,21:24,13,2026-06-14,2026-06-14,0,Sunday
11110,V Lakshmibai Jhansi Jhs,11,21:57,TERMINATED,0,2026-06-14,2026-06-14,0,Sunday
12003,Lucknow Ne,1,ORIGIN,15:43,13,2026-06-14,2026-06-14,0,Sunday
12003,Unnao Jn,2,16:25,16:27,6,2026-06-14,2026-06-14,0,Sunday
12003,Kanpur Central,3,16:51,16:58,5,2026-06-14,2026-06-14,0,Sunday
12003,Phaphund,4,17:54,17:58,10,2026-06-14,2026-06-14,0,Sunday
12003,Etawah Jn,5,18:30,18:32,12,2026-06-14,2026-06-14,0,Sunday
12003,Tundla Jn,6,19:35,19:39,11,2026-06-14,2026-06-14,0,Sunday
12003,Aligarh Jn,7,20:21,20:24,7,2026-06-14,2026-06-14,0,Sunday
12003,Ghaziabad,8,21:32,21:41,1,2026-06-14,2026-06-14,0,Sunday
12003,New Delhi,9,22:22,TERMINATED,0,2026-06-14,2026-06-14,0,Sunday
12179,Lucknow Ne,1,ORIGIN,16:08,13,2026-06-14,2026-06-14,0,Sunday
12179,Unnao Jn,2,16:51,16:53,7,2026-06-14,2026-06-14,0,Sunday
12179,Kanpur Central,3,17:20,17:29,9,2026-06-14,2026-06-14,0,Sunday
12179,Panki Dham,4,17:45,17:46,2,2026-06-14,2026-06-14,0,Sunday
12179,Rura,5,18:09,18:10,5,2026-06-14,2026-06-14,0,Sunday
12179,Jhinjhak,6,18:22,18:23,4,2026-06-14,2026-06-14,0,Sunday
12179,Phaphund,7,18:40,18:42,8,2026-06-14,2026-06-14,0,Sunday
12179,Bharthana,8,19:03,19:05,5,2026-06-14,2026-06-14,0,Sunday
12179,Etawah Jn,9,19:19,19:21,1,2026-06-14,2026-06-14,0,Sunday
12179,Shikohabad Jn,10,19:50,19:57,0,2026-06-14,2026-06-14,0,Sunday
12179,Firozabad,11,20:15,20:20,3,2026-06-14,2026-06-14,0,Sunday
12179,Tundla Jn,12,20:37,20:52,2,2026-06-14,2026-06-14,0,Sunday
12179,Yamuna Bdg Agra,13,21:13,21:16,6,2026-06-14,2026-06-14,0,Sunday
12179,Agra Fort,14,21:29,TERMINATED,0,2026-06-14,2026-06-14,0,Sunday
12229,Lucknow Nr,1,ORIGIN,22:14,14,2026-06-14,2026-06-14,0,Sunday
12229,Hardoi,2,23:40,23:42,6,2026-06-14,2026-06-14,0,Sunday
12229,Shahjehanpur,3,00:53,00:57,21,2026-06-14,2026-06-15,0,Sunday
12229,Bareilly,4,02:25,02:33,51,2026-06-14,2026-06-15,0,Sunday
12229,Rampur,5,03:17,03:19,49,2026-06-14,2026-06-15,0,Sunday
12229,Moradabad,6,03:49,04:04,31,2026-06-14,2026-06-15,0,Sunday
12229,Hapur,7,05:14,05:19,19,2026-06-14,2026-06-15,0,Sunday
12229,Ghaziabad,8,05:57,06:03,8,2026-06-14,2026-06-15,0,Sunday
12229,New Delhi,9,06:54,TERMINATED,0,2026-06-14,2026-06-15,0,Sunday
12532,Lucknow Ne,1,ORIGIN,16:31,26,2026-06-14,2026-06-14,1,Sunday
12532,Badshahnagar,2,16:56,16:58,26,2026-06-14,2026-06-14,1,Sunday
12532,Barabanki Jn,3,17:34,17:36,28,2026-06-14,2026-06-14,1,Sunday
12532,Colonelganj,4,18:49,18:51,52,2026-06-14,2026-06-14,1,Sunday
12532,Gonda Jn,5,19:22,19:25,47,2026-06-14,2026-06-14,1,Sunday
12532,Mankapur Jn,6,20:12,20:14,68,2026-06-14,2026-06-14,1,Sunday
12532,Babhnan,7,20:57,20:59,87,2026-06-14,2026-06-14,1,Sunday
12532,Basti,8,21:36,21:38,97,2026-06-14,2026-06-14,1,Sunday
12532,CHUREB,9,22:03,22:03,105,2026-06-14,2026-06-14,1,Sunday
12532,Khalilabad,10,,,105,2026-06-14,2026-06-14,1,Sunday
12532,Sahjanwa,11,,,104,2026-06-14,2026-06-14,1,Sunday
12532,Gorakhpur Jn,12,,TERMINATED,88,2026-06-14,2026-06-14,1,Sunday
12533,Gomati Nagar,1,ORIGIN,20:50,5,2026-06-14,2026-06-14,0,Sunday
12533,Badshahnagar,2,20:57,21:02,2,2026-06-14,2026-06-14,0,Sunday
12533,Aishbagh,3,21:07,21:26,1,2026-06-14,2026-06-14,0,Sunday
12533,Unnao Jn,4,22:32,22:35,13,2026-06-14,2026-06-14,0,Sunday
12533,Kanpur Central,5,23:02,23:29,19,2026-06-14,2026-06-14,0,Sunday
12533,Orai,6,00:56,00:58,19,2026-06-14,2026-06-15,0,Sunday
12533,V Lakshmibai Jhansi Jhs,7,02:24,02:59,11,2026-06-14,2026-06-15,0,Sunday
12533,Lalitpur Jn,8,04:14,04:18,16,2026-06-14,2026-06-15,0,Sunday
12533,Bhopal  Jn,9,07:38,07:49,39,2026-06-14,2026-06-15,0,Sunday
12533,Rani Kamalapati,10,08:08,08:10,46,2026-06-14,2026-06-15,0,Sunday
12533,Itarsi Jn,11,09:22,09:54,54,2026-06-14,2026-06-15,0,Sunday
12533,Khandwa,12,12:06,12:08,13,2026-06-14,2026-06-15,0,Sunday
12533,Bhusaval Jn,13,14:12,14:21,31,2026-06-14,2026-06-15,0,Sunday
12533,Manmad Jn,14,16:42,16:47,32,2026-06-14,2026-06-15,0,Sunday
12533,Nashik Road,15,17:41,17:46,23,2026-06-14,2026-06-15,0,Sunday
12533,Igatpuri,16,18:32,18:44,17,2026-06-14,2026-06-15,0,Sunday
12533,Kalyan Jn,17,21:04,21:07,57,2026-06-14,2026-06-15,0,Sunday
12533,Dadar,18,21:59,22:02,62,2026-06-14,2026-06-15,0,Sunday
12533,C Shivaji Mah T,19,22:32,TERMINATED,0,2026-06-14,2026-06-15,0,Sunday
12583,Lucknow Ne,1,ORIGIN,06:28,93,2026-06-14,2026-06-14,0,Sunday
12583,Bareilly,2,10:24,10:28,129,2026-06-14,2026-06-14,0,Sunday
12583,Moradabad,3,12:06,12:17,158,2026-06-14,2026-06-14,0,Sunday
12583,Ghaziabad,4,16:08,16:19,245,2026-06-14,2026-06-14,0,Sunday
12583,Anand Vihar TRM,5,16:49,TERMINATED,234,2026-06-14,2026-06-14,0,Sunday
15008,Lucknow Ne,1,ORIGIN,23:12,2,2026-06-14,2026-06-14,0,Sunday
15008,Lucknow City,2,23:36,23:38,10,2026-06-14,2026-06-14,0,Sunday
15008,Badshahnagar,3,23:54,23:57,9,2026-06-14,2026-06-14,0,Sunday
15008,Barabanki Jn,4,00:31,00:33,11,2026-06-14,2026-06-15,0,Sunday
15008,Burhwal,5,00:57,00:59,11,2026-06-14,2026-06-15,0,Sunday
15008,Gonda Jn,6,02:45,02:50,35,2026-06-14,2026-06-15,0,Sunday
15008,Mankapur Jn,7,03:29,03:31,50,2026-06-14,2026-06-15,0,Sunday
15008,Maskanwa,8,03:44,03:46,49,2026-06-14,2026-06-15,0,Sunday
15008,Babhnan,9,04:00,04:04,50,2026-06-14,2026-06-15,0,Sunday
15008,Basti,10,04:25,04:30,47,2026-06-14,2026-06-15,0,Sunday
15008,Khalilabad,11,04:52,04:55,25,2026-06-14,2026-06-15,0,Sunday
15008,Maghar,12,05:06,05:08,26,2026-06-14,2026-06-15,0,Sunday
15008,Sihapar,13,05:11,05:12,20,2026-06-14,2026-06-15,0,Sunday
15008,Sahjanwa,14,05:21,05:25,24,2026-06-14,2026-06-15,0,Sunday
15008,Jagatbela,15,05:33,05:35,21,2026-06-14,2026-06-15,0,Sunday
15008,Domingarh,16,05:46,05:51,23,2026-06-14,2026-06-15,0,Sunday
15008,Gorakhpur Jn,17,06:02,06:22,7,2026-06-14,2026-06-15,0,Sunday
15008,Gorakhpur Cant,18,06:32,06:35,0,2026-06-14,2026-06-15,0,Sunday
15008,Chauri Chaura,19,06:59,07:02,0,2026-06-14,2026-06-15,0,Sunday
15008,Gauri Bazar,20,07:13,07:17,0,2026-06-14,2026-06-15,0,Sunday
15008,Deoria Sadar,21,07:31,07:43,3,2026-06-14,2026-06-15,0,Sunday
15008,Bhatni Jn,22,08:06,08:08,5,2026-06-14,2026-06-15,0,Sunday
15008,Salempur Jn,23,08:25,08:30,8,2026-06-14,2026-06-15,0,Sunday
15008,Lar Road,24,08:46,08:49,14,2026-06-14,2026-06-15,0,Sunday
15008,Belthara Road,25,09:29,09:31,31,2026-06-14,2026-06-15,0,Sunday
15008,Kirihrapur,26,09:47,09:49,29,2026-06-14,2026-06-15,0,Sunday
15008,Indara Jn,27,10:05,10:07,30,2026-06-14,2026-06-15,0,Sunday
15008,Mau Jn,28,10:25,10:30,35,2026-06-14,2026-06-15,0,Sunday
15008,Dullahapur,29,10:46,10:48,26,2026-06-14,2026-06-15,0,Sunday
15008,Jakhanian,30,10:56,11:00,26,2026-06-14,2026-06-15,0,Sunday
15008,Sadat,31,11:14,11:16,28,2026-06-14,2026-06-15,0,Sunday
15008,Aunrihar Jn,32,11:37,11:39,29,2026-06-14,2026-06-15,0,Sunday
15008,Sarnath,33,11:57,12:00,13,2026-06-14,2026-06-15,0,Sunday
15008,Varanasi City,34,12:11,TERMINATED,0,2026-06-14,2026-06-15,0,Sunday
15043,Lucknow Ne,1,ORIGIN,23:31,6,2026-06-14,2026-06-14,0,Sunday
15043,Bareilly,2,03:56,04:17,4,2026-06-14,2026-06-15,0,Sunday
15043,Bareilly City,3,04:29,04:37,2,2026-06-14,2026-06-15,0,Sunday
15043,Izzatnagar,4,04:50,05:11,16,2026-06-14,2026-06-15,0,Sunday
15043,Bhojipura Jn,5,05:29,05:31,1,2026-06-14,2026-06-15,0,Sunday
15043,Baheri,6,05:53,06:06,3,2026-06-14,2026-06-15,0,Sunday
15043,Kichha,7,06:19,06:28,0,2026-06-14,2026-06-15,0,Sunday
15043,Pantnagar,8,06:38,06:45,0,2026-06-14,2026-06-15,0,Sunday
15043,Lal Kuan,9,06:56,07:02,2,2026-06-14,2026-06-15,0,Sunday
15043,Haldwani,10,07:27,07:42,2,2026-06-14,2026-06-15,0,Sunday
15043,Kathgodam,11,07:51,TERMINATED,0,2026-06-14,2026-06-15,0,Sunday
15204,Lucknow Ne,1,ORIGIN,15:15,0,2026-06-14,2026-06-14,0,Sunday
15204,Lucknow City,2,15:30,15:33,0,2026-06-14,2026-06-14,0,Sunday
15204,Badshahnagar,3,15:56,16:02,9,2026-06-14,2026-06-14,0,Sunday
15204,Gomati Nagar,4,16:14,16:16,15,2026-06-14,2026-06-14,0,Sunday
15204,Barabanki Jn,5,16:45,16:47,7,2026-06-14,2026-06-14,0,Sunday
15204,Burhwal,6,17:10,17:14,8,2026-06-14,2026-06-14,0,Sunday
15204,Jarwal Road,7,17:26,17:33,8,2026-06-14,2026-06-14,0,Sunday
15204,Colonelganj,8,17:57,18:01,18,2026-06-14,2026-06-14,0,Sunday
15204,Gonda Jn,9,18:40,18:48,28,2026-06-14,2026-06-14,0,Sunday
15204,Mankapur Jn,10,19:44,19:49,65,2026-06-14,2026-06-14,0,Sunday
15204,Maskanwa,11,20:03,20:05,65,2026-06-14,2026-06-14,0,Sunday
15204,Babhnan,12,20:21,20:24,64,2026-06-14,2026-06-14,0,Sunday
15204,Basti,13,21:17,21:21,81,2026-06-14,2026-06-14,0,Sunday
15204,Munderwa,14,21:36,21:41,85,2026-06-14,2026-06-14,0,Sunday
15204,Khalilabad,15,21:54,21:58,86,2026-06-14,2026-06-14,0,Sunday
15204,Sahjanwa,16,22:12,22:14,82,2026-06-14,2026-06-14,0,Sunday
15204,Gorakhpur Jn,17,22:45,22:56,56,2026-06-14,2026-06-14,0,Sunday
15204,Gorakhpur Cant,18,23:07,23:09,49,2026-06-14,2026-06-14,0,Sunday
15204,Chauri Chaura,19,23:30,23:34,49,2026-06-14,2026-06-14,0,Sunday
15204,Gauri Bazar,20,23:44,23:47,47,2026-06-14,2026-06-14,0,Sunday
15204,Deoria Sadar,21,00:02,00:11,46,2026-06-14,2026-06-15,0,Sunday
15204,Bhatni Jn,22,00:29,00:34,46,2026-06-14,2026-06-15,0,Sunday
15204,Bhatpar Rani,23,00:45,00:49,41,2026-06-14,2026-06-15,0,Sunday
15204,Mairwa,24,01:03,01:05,43,2026-06-14,2026-06-15,0,Sunday
15204,Siwan Jn,25,01:26,01:32,47,2026-06-14,2026-06-15,0,Sunday
15204,Ekma,26,01:53,01:55,38,2026-06-14,2026-06-15,0,Sunday
15204,Chhapra,27,02:35,03:04,39,2026-06-14,2026-06-15,0,Sunday
15204,Dighwara,28,03:34,03:38,36,2026-06-14,2026-06-15,0,Sunday
15204,Sonpur Jn,29,04:27,04:33,58,2026-06-14,2026-06-15,0,Sunday
15204,Hajipur Jn,30,04:44,04:49,59,2026-06-14,2026-06-15,0,Sunday
15204,Muzaffarpur Jn,31,05:48,05:55,70,2026-06-14,2026-06-15,0,Sunday
15204,Dholi,32,06:19,06:21,68,2026-06-14,2026-06-15,0,Sunday
15204,Khudiram B Pusa,33,06:36,06:40,70,2026-06-14,2026-06-15,0,Sunday
15204,Samastipur Jn,34,07:15,07:21,71,2026-06-14,2026-06-15,0,Sunday
15204,Dalsingh Sarai,35,07:59,08:01,86,2026-06-14,2026-06-15,0,Sunday
15204,Bachwara Jn,36,08:15,08:17,88,2026-06-14,2026-06-15,0,Sunday
15204,Barauni Jn,37,09:46,TERMINATED,106,2026-06-14,2026-06-15,0,Sunday
15205,Lucknow Ne,1,ORIGIN,17:32,2,2026-06-14,2026-06-14,0,Sunday
15205,Unnao Jn,2,18:30,18:32,4,2026-06-14,2026-06-14,0,Sunday
15205,Kanpur Central,3,19:14,19:25,20,2026-06-14,2026-06-14,0,Sunday
15205,Ghatampur,4,20:31,20:33,29,2026-06-14,2026-06-14,0,Sunday
15205,Hamirpur Road,5,20:52,20:56,35,2026-06-14,2026-06-14,0,Sunday
15205,Bharwa Sumerpur,6,21:20,21:22,40,2026-06-14,2026-06-14,0,Sunday
15205,Ragaul,7,21:46,21:51,52,2026-06-14,2026-06-14,0,Sunday
15205,Banda Jn,8,23:30,23:42,97,2026-06-14,2026-06-14,0,Sunday
15205,Khurhand,9,00:01,00:03,98,2026-06-14,2026-06-15,0,Sunday
15205,Atarra,10,00:24,00:26,107,2026-06-14,2026-06-15,0,Sunday
15205,Chitrakutdham K,11,01:08,01:19,117,2026-06-14,2026-06-15,0,Sunday
15205,Majhagawan,12,02:20,02:22,72,2026-06-14,2026-06-15,0,Sunday
15205,Jaitwar,13,02:45,02:47,77,2026-06-14,2026-06-15,0,Sunday
15205,Satna,14,03:10,03:16,81,2026-06-14,2026-06-15,0,Sunday
15205,Unchhera,15,03:33,03:35,85,2026-06-14,2026-06-15,0,Sunday
15205,Maihar,16,03:50,03:52,87,2026-06-14,2026-06-15,0,Sunday
15205,Jukehi,17,04:22,04:24,79,2026-06-14,2026-06-15,0,Sunday
15205,Katni,18,04:50,04:58,73,2026-06-14,2026-06-15,0,Sunday
15205,Sihora Road,19,05:38,05:42,72,2026-06-14,2026-06-15,0,Sunday
15205,Jabalpur,20,06:15,TERMINATED,35,2026-06-14,2026-06-15,0,Sunday
22453,Lucknow Ne,1,ORIGIN,15:10,45,2026-06-14,2026-06-14,0,Sunday
22453,Balamu Jn,2,16:26,16:32,57,2026-06-14,2026-06-14,0,Sunday
22453,Hardoi,3,17:07,17:12,66,2026-06-14,2026-06-14,0,Sunday
22453,Shahjehanpur,4,18:14,18:16,68,2026-06-14,2026-06-14,0,Sunday
22453,Bareilly,5,19:27,19:32,70,2026-06-14,2026-06-14,0,Sunday
22453,Rampur,6,20:20,20:25,68,2026-06-14,2026-06-14,0,Sunday
22453,Moradabad,7,20:51,21:01,46,2026-06-14,2026-06-14,0,Sunday
22453,Amroha,8,21:32,21:35,51,2026-06-14,2026-06-14,0,Sunday
22453,Hapur,9,22:29,22:34,56,2026-06-14,2026-06-14,0,Sunday
22453,Meerut City,10,23:10,TERMINATED,35,2026-06-14,2026-06-14,0,Sunday
22545,Lucknow Ne,1,ORIGIN,05:26,11,2026-06-14,2026-06-14,0,Sunday
22545,Shahjehanpur,2,07:22,07:38,2,2026-06-14,2026-06-14,0,Sunday
22545,Bareilly,3,09:17,09:19,47,2026-06-14,2026-06-14,0,Sunday
22545,Moradabad,4,11:00,11:06,74,2026-06-14,2026-06-14,0,Sunday
22545,Najibabad Jn,5,12:23,12:26,76,2026-06-14,2026-06-14,0,Sunday
22545,Haridwar Jn,6,13:19,13:26,76,2026-06-14,2026-06-14,0,Sunday
22545,Dehradun,7,14:56,TERMINATED,76,2026-06-14,2026-06-14,0,Sunday
82501,Lucknow Ne,1,ORIGIN,06:19,9,2026-06-14,2026-06-14,0,Sunday
82501,Kanpur Central,2,07:21,07:26,1,2026-06-14,2026-06-14,0,Sunday
82501,Tundla Jn,3,09:46,09:48,6,2026-06-14,2026-06-14,0,Sunday
82501,Ghaziabad,4,12:03,12:08,14,2026-06-14,2026-06-14,0,Sunday
82501,New Delhi,5,12:55,TERMINATED,20,2026-06-14,2026-06-14,0,Sunday
55345,Lucknow Ne,1,ORIGIN,04:30,0,2026-06-14,2026-06-14,0,Sunday
55345,Manak Nagar,2,04:51,04:53,7,2026-06-14,2026-06-14,0,Sunday
55345,Amausi,3,05:07,05:08,9,2026-06-14,2026-06-14,0,Sunday
55345,Piparsand,4,05:17,05:28,19,2026-06-14,2026-06-14,0,Sunday
55345,Harauni,5,05:37,05:38,20,2026-06-14,2026-06-14,0,Sunday
55345,Jaitipur,6,05:48,05:50,23,2026-06-14,2026-06-14,0,Sunday
55345,Kusumbhi,7,05:54,05:55,21,2026-06-14,2026-06-14,0,Sunday
55345,Ajgain,8,06:05,06:07,26,2026-06-14,2026-06-14,0,Sunday
55345,Sonik,9,06:17,06:19,29,2026-06-14,2026-06-14,0,Sunday
55345,Unnao Jn,10,06:29,06:30,29,2026-06-14,2026-06-14,0,Sunday
55345,Magarwara,11,06:41,06:42,27,2026-06-14,2026-06-14,0,Sunday
55345,Kanpur Bge L Bk,12,06:53,06:55,26,2026-06-14,2026-06-14,0,Sunday
55345,Kanpur Central,13,07:15,07:17,22,2026-06-14,2026-06-14,0,Sunday
55345,Kanpur Anwrganj,14,07:29,07:35,25,2026-06-14,2026-06-14,0,Sunday
55345,Rawatpur,15,07:45,07:47,27,2026-06-14,2026-06-14,0,Sunday
55345,Kalianpur,16,07:54,07:56,26,2026-06-14,2026-06-14,0,Sunday
55345,Mandhana Jn,17,08:04,08:06,26,2026-06-14,2026-06-14,0,Sunday
55345,Chaubepur,18,08:15,08:40,50,2026-06-14,2026-06-14,0,Sunday
55345,Barrajpur,19,08:50,08:53,51,2026-06-14,2026-06-14,0,Sunday
55345,Utripura,20,09:02,09:04,54,2026-06-14,2026-06-14,0,Sunday
55345,Dhaursalar,21,,,12,2026-06-14,2026-06-14,0,Sunday
55345,Bilhaur,22,09:17,09:23,53,2026-06-14,2026-06-14,0,Sunday
55345,Bakothikhas,23,,,8,2026-06-14,2026-06-14,0,Sunday
55345,Araul Makanpur,24,09:37,09:39,49,2026-06-14,2026-06-14,0,Sunday
55345,Gangawapur Halt,25,09:44,09:45,49,2026-06-14,2026-06-14,0,Sunday
55345,Mani Mau,26,09:52,09:53,49,2026-06-14,2026-06-14,0,Sunday
55345,Kannauj,27,09:58,10:00,40,2026-06-14,2026-06-14,0,Sunday
55345,Kannauj City,28,10:04,10:05,40,2026-06-14,2026-06-14,0,Sunday
55345,Jlalpr Panwara,29,10:10,10:11,40,2026-06-14,2026-06-14,0,Sunday
55345,Jasoda,30,10:16,10:23,44,2026-06-14,2026-06-14,0,Sunday
55345,Khudlapur,31,10:28,10:29,44,2026-06-14,2026-06-14,0,Sunday
55345,Gursahaiganj,32,10:35,10:37,42,2026-06-14,2026-06-14,0,Sunday
55345,Malikpur,33,10:43,10:44,42,2026-06-14,2026-06-14,0,Sunday
55345,Khudaganj,34,10:49,10:52,42,2026-06-14,2026-06-14,0,Sunday
55345,Singhirampur,35,10:57,10:58,42,2026-06-14,2026-06-14,0,Sunday
55345,Kamalganj,36,11:20,11:22,42,2026-06-14,2026-06-14,0,Sunday
55345,Yaqutganj,37,11:29,11:30,42,2026-06-14,2026-06-14,0,Sunday
55345,Fatehgarh,38,,,15,2026-06-14,2026-06-14,0,Sunday
55345,Farrukhabad,39,11:49,11:55,0,2026-06-14,2026-06-14,0,Sunday
55345,Harsingpur Goba,40,12:07,12:09,3,2026-06-14,2026-06-14,0,Sunday
55345,Shukarullahpur,41,12:14,12:15,3,2026-06-14,2026-06-14,0,Sunday
55345,Shamsabad,42,12:19,12:26,7,2026-06-14,2026-06-14,0,Sunday
55345,Bhatasa,43,12:33,12:34,7,2026-06-14,2026-06-14,0,Sunday
55345,Kaimganj,44,12:44,12:45,9,2026-06-14,2026-06-14,0,Sunday
55345,Kampil Road,45,12:53,12:55,9,2026-06-14,2026-06-14,0,Sunday
55345,Rudain,46,13:03,13:05,10,2026-06-14,2026-06-14,0,Sunday
55345,Ballupur,47,13:10,13:11,10,2026-06-14,2026-06-14,0,Sunday
55345,Daryaogonj,48,13:17,13:19,9,2026-06-14,2026-06-14,0,Sunday
55345,Narthar,49,13:26,13:27,9,2026-06-14,2026-06-14,0,Sunday
55345,Patiali,50,13:33,13:38,11,2026-06-14,2026-06-14,0,Sunday
55345,Ganj Dundwara,51,13:45,13:54,14,2026-06-14,2026-06-14,0,Sunday
55345,Garkha,52,14:01,14:02,14,2026-06-14,2026-06-14,0,Sunday
55345,Sahawar Town,53,14:08,14:10,10,2026-06-14,2026-06-14,0,Sunday
55345,Badhari Kalan,54,14:21,14:22,7,2026-06-14,2026-06-14,0,Sunday
55345,Kasganj,55,14:42,TERMINATED,0,2026-06-14,2026-06-14,0,Sunday
15032,Lucknow Ne,1,ORIGIN,16:24,19,2026-06-14,2026-06-14,0,Sunday
15032,Badshahnagar,2,16:49,16:53,21,2026-06-14,2026-06-14,0,Sunday
15032,Barabanki Jn,3,17:32,17:34,26,2026-06-14,2026-06-14,0,Sunday
15032,Colonelganj,4,18:44,18:46,49,2026-06-14,2026-06-14,0,Sunday
15032,Gonda Jn,5,19:23,19:28,55,2026-06-14,2026-06-14,0,Sunday
15032,Mankapur Jn,6,20:27,20:32,95,2026-06-14,2026-06-14,0,Sunday
15032,Babhnan,7,20:55,20:57,94,2026-06-14,2026-06-14,0,Sunday
15032,Basti,8,21:35,21:40,110,2026-06-14,2026-06-14,0,Sunday
15032,Khalilabad,9,22:17,22:19,124,2026-06-14,2026-06-14,0,Sunday
15032,Sahjanwa,10,22:33,22:37,125,2026-06-14,2026-06-14,0,Sunday
15032,Gorakhpur Jn,11,23:12,TERMINATED,102,2026-06-14,2026-06-14,0,Sunday
15011,Lucknow Ne,1,ORIGIN,23:55,0,2026-06-14,2026-06-14,0,Sunday
15011,Hardoi,2,01:38,01:42,8,2026-06-14,2026-06-15,0,Sunday
15011,Shahjehanpur,3,03:40,03:43,70,2026-06-14,2026-06-15,0,Sunday
15011,Chandausi Jn,4,06:47,06:54,112,2026-06-14,2026-06-15,0,Sunday
15011,Moradabad,5,08:01,08:11,133,2026-06-14,2026-06-15,0,Sunday
15011,Amroha,6,08:36,08:44,137,2026-06-14,2026-06-15,0,Sunday
15011,Gajraula Jn,7,09:02,09:07,127,2026-06-14,2026-06-15,0,Sunday
15011,Mandi Dhanaura,8,09:24,09:27,121,2026-06-14,2026-06-15,0,Sunday
15011,Chand Siau,9,09:44,09:46,116,2026-06-14,2026-06-15,0,Sunday
15011,Haldaur,10,10:11,10:13,118,2026-06-14,2026-06-15,0,Sunday
15011,Bijnor,11,10:24,10:31,91,2026-06-14,2026-06-15,0,Sunday
15011,Basi Kiratpur,12,10:45,10:47,77,2026-06-14,2026-06-15,0,Sunday
15011,Muzzampur Nryn,13,11:37,12:12,87,2026-06-14,2026-06-15,0,Sunday
15011,Laksar Jn,14,12:18,12:27,77,2026-06-14,2026-06-15,0,Sunday
15011,Roorkee,15,12:48,12:54,86,2026-06-14,2026-06-15,0,Sunday
15011,Saharanpur,16,13:28,13:38,68,2026-06-14,2026-06-15,0,Sunday
15011,Yamunanagar Jud,17,14:02,14:04,66,2026-06-14,2026-06-15,0,Sunday
15011,Jagadhri Wshop,18,14:14,14:16,70,2026-06-14,2026-06-15,0,Sunday
15011,Ambala Cant Jn,19,14:59,15:07,52,2026-06-14,2026-06-15,0,Sunday
15011,Chandigarh,20,16:00,TERMINATED,60,2026-06-14,2026-06-15,0,Sunday
